a1,a2,a3,a4,a5,a6,a7,label
0.22,-8.08,0.52,0.29,-0.03,0.11,15054844.88,1
0.07,-2.12,1.14,0.1,0.23,-0.73,6900641.9,1
0.04,1.41,0.76,0.06,0.25,0.01,12743625.71,1
0.07,4.82,0.63,0.22,0.13,0.3,28490820.95,1
0.33,1.02,0.84,0.13,0.14,0.1,11167586.33,1
0.33,-0.33,0.91,0,0.06,-0.13,11353888.57,1
0.09,-2.26,1.28,0.15,0.31,-0.37,31081201.29,1
0.11,1.79,0.95,0.02,0.23,-0.03,13643274.29,1
0.18,3.12,0.64,0.2,0.54,0.2,8255010.16,1
0.18,-0.01,0.92,0.04,0.16,-0.15,9588762.86,1
0.09,128.88,0.14,0.47,0.23,0.08,30741418.1,1
0.03,2.72,0.76,0.04,0.26,0.17,14552957.14,1
0.12,1.86,0.77,0.05,0.14,0.09,31539630.48,1
0.33,-4.03,0.96,0.15,-0.06,-0.15,7574876.19,1
0.17,1.54,0.71,0.03,0.34,0.03,16640915.97,1
0.34,-0.82,0.84,0.03,0.06,-0.01,26395044.32,1
0.11,0.73,0.88,0.09,0.45,0.03,20617010.48,1
0.15,0.49,0.75,0.07,0.13,-0.03,12474439.52,1
0.03,1.64,0.89,0.01,0.28,-0.06,7912400.74,1
0.49,-1.26,0.96,0.04,0.83,-0.24,51458690.48,1
0.43,2.68,0.86,0.06,0.24,-0.02,12636152.38,1
0.14,0.86,0.75,0.02,0.34,0.13,8079845.71,1
0.43,-2.77,0.64,0.18,-0.17,-0.1,76467968.57,1
1.09,1.18,0.8,0.02,0.15,0.06,7644071.43,1
0.29,3.42,1.02,0.02,0.5,-0.33,8145690.67,1
0.12,1.26,0.95,0.03,0.18,0.02,14386632.38,1
0.5,0.82,0.78,0.05,0.34,0.11,7684210.53,1
3.03,0.87,0.75,0.04,0.13,0.13,7721174.29,1
0.12,0.84,0.79,0.1,0.13,-0.01,27193191.14,1
0.05,-0.83,0.95,0.1,0.07,-0.09,35787687.62,1
0.12,-6.57,0.33,0.75,0.05,-0.6,27434265.71,1
0.01,-11.71,0.94,0.07,-0.26,-0.12,14944614.96,1
0.32,-3.76,0.99,0.19,0.05,-0.3,69472762.7,1
0.01,-0.1,0.81,0.01,0.26,-0.46,27605004.76,1
0,1.9,0.79,0.09,0.18,0.04,11248236.19,1
0.25,-2.56,0.84,0.02,0.06,-0.09,16719679.59,1
0.05,1.47,0.81,0.53,0.26,0.12,16903257.62,1
0.01,2.46,0.71,0.07,0.26,0.14,10222857.14,1
0.31,1.34,0.7,0.07,0.19,0.14,7128695.29,1
0.14,-2,1.13,0.16,0.52,-0.34,22044345.34,1
0.52,1.56,0.7,0.01,0.26,0.14,27167572.38,1
0.19,-0.74,0.93,0.05,-0.09,-0.2,7626865.19,1
0.26,3.58,0.8,0.06,0.43,0.09,12485615.24,1
0.14,1,0.9,0.23,0.53,0.07,12076425.71,1
0.27,2.36,0.85,0.08,0.24,-0.04,17326503.81,1
0.38,2.55,0.71,0.02,0.4,0.01,7166003.81,1
0.17,1.04,0.88,0.05,0.17,0.02,9788068.33,1
0.35,-2.86,0.85,0.08,0.15,-0.11,7011598.34,1
0.01,-0.17,0.83,0.13,0.09,0.05,7734081.26,1
0.36,-3.37,0.95,0.03,1.03,-0.2,16420519.05,1
0.2,-0.67,0.82,0,0.06,0.07,12131349.52,1
65.38,-1.65,0.82,0,0.01,0.18,7160117.27,1
15.65,10.54,0.99,0,0.01,-0.01,28327183.81,1
0.59,-2.31,1.12,0.09,-0.21,-1,7889222.86,1
0.13,1.91,1.24,0.07,0.57,-0.28,19693337.14,1
0.52,1.88,0.73,0.07,0.37,0.1,17934112.38,1
2.01,-3.28,1.04,0.04,0.06,-0.05,100396066.7,1
0.12,-166.25,0.98,0,0.37,0,14878765.71,1
0.27,4.03,0.85,0.05,0.27,0.03,32216548.57,1
0.58,-1.37,0.68,0.56,0.09,-0.13,63147942.86,1
0.17,2.08,0.78,0.01,0.57,0.12,13170693.44,1
0.89,-0.81,0.92,0.09,0.04,-0.58,19185253.33,1
0.21,1.86,0.81,0.1,0.24,0.04,6752240,1
0.13,-2.81,0.9,0.1,0.2,-0.12,12554747.62,1
0.11,0.19,1.18,0.01,0.12,-0.22,9500876.19,1
0.1,1.16,0.65,0.23,0.15,0.15,12192332.41,1
0.36,0.95,0.79,0,0.19,-0.06,8320433.06,1
0.33,2.85,0.69,0.04,0.16,0.14,110055378.6,1
0.04,-0.79,0.63,0.09,-0.46,-0.3,10713411.82,1
0.11,2.41,0.85,0,0.5,0.03,13564289.01,1
0.09,-4.98,1.45,0.1,-0.2,-0.59,7750420,1
0.08,3.14,1.3,0.01,0.22,-0.34,9043896.19,1
0.22,1.88,0.9,0.01,0.27,0.07,88430320.41,1
0.44,-4.45,0.84,0.1,-0.06,0.01,24521691.43,1
0.13,-0.55,0.99,0.06,0.01,-0.18,17513618.65,1
0.15,-1.59,0.44,0.47,0.03,0,11509243.77,1
0.07,1.39,0.83,0.04,0.37,0.14,34744463.81,1
232.8,-2.03,1.23,0,0,-0.25,8275744.76,1
0.31,3.1,0.66,0.05,0.21,0.03,11890793.17,1
0.03,1.79,0.71,0.01,0.32,0.19,11256326.87,1
0.27,-2.17,0.88,0.06,0.01,-0.19,28028916.9,1
0.12,3.48,0.71,0.02,0.32,0.09,7970684.76,1
0.05,-1.71,0.66,0.22,0.17,-0.26,7214753.33,1
0.16,0.52,0.97,0.03,0.2,-0.26,9766652.82,1
0.16,3.25,0.97,0.01,0.93,-0.1,7681123.81,1
0.11,2.63,0.75,0.02,0.28,0.09,20811013.85,1
49.34,-63.87,0.97,0,0.01,-0.02,13735466.3,1
0.38,0.92,0.81,0,0.14,0.07,11755248.38,1
0.44,3.9,0.75,0.01,0.41,0.11,17827027.62,1
0.09,-0.41,0.93,0.03,0.01,-0.09,11761454.29,1
0.05,2.54,0.75,0.05,0.47,0.15,10173429.52,1
0.49,-0.93,0.82,0.01,0.11,0.04,7015830.48,1
0,3.28,0.97,0.02,0.68,-0.18,10352079.05,1
0.17,0.42,0.84,0.2,0.19,-0.1,36887631.58,1
0.28,2.33,0.83,0.17,0.35,0.04,11850091.43,1
0.19,0.22,0.99,0.03,0.41,-0.2,8400958.1,1
0.08,3.63,0.9,0.02,0.75,-0.03,7878205.71,1
0.19,2.56,0.81,0.01,0.46,-0.05,17511033.33,1
0.52,0.53,0.84,0.01,0.51,-0.09,11559790.48,1
0.36,2.56,0.79,0.1,1.05,0.17,12675417.14,1
0.26,2.48,0.69,0.01,0.29,0.1,9700179.13,1
0.26,2.74,0.72,0.08,0.16,0.07,9027521.9,1
0.01,1.65,0.64,0,0.12,0.04,11080930.75,1
317.2,-0.05,1.31,0,0,-0.34,10917195.24,1
0.24,-0.63,0.97,0.06,0.05,0.05,382511650.5,1
0.03,-0.71,0.88,0.1,0.01,-0.2,109201125.7,1
0.27,6.34,0.36,0.34,0.1,0.08,31981580,1
0.62,-4.68,0.71,0.03,0.37,-0.19,19878762.7,1
0.91,-9.64,0.71,0.12,-0.11,-0.68,10329947.62,1
0.17,-2.62,0.82,0.03,0.01,0.06,44098878.12,1
0.48,-1.56,0.97,0.01,0.12,-0.45,7356601.11,1
0.06,1.22,0.88,0.07,0.67,0.06,7604835.64,1
0.32,-3.19,0.72,0.5,0.01,-0.18,31423879.05,1
0.11,4.92,1.05,0.04,0.89,-0.42,13302861.5,1
0.22,0.03,1.46,0.06,0.02,-0.55,19646972.38,1
0.42,2.23,0.27,0.7,0.02,0,183612210.5,1
0,2.7,0.5,0,0.13,0.42,8132089.52,1
0.32,2.33,0.81,0.07,0.28,0.1,13088151.43,1
0.17,3.98,0.74,0.38,0.24,0.05,37518166.67,1
0.28,7.23,0.66,0.19,0.43,0.15,43373783.01,1
0.22,4.15,0.49,0.05,0.33,-0.02,8864650.48,1
0.94,0.11,0.62,0.01,0.11,0.12,7008689.52,1
0.44,-0.5,0.93,0.09,0.2,-0.03,10127030.48,1
0.18,6.61,0.76,0.05,0.6,0.2,21739382.86,1
0.26,45.77,0.91,0.33,1.11,0.07,22819762.86,1
0.14,1.02,0.93,0.3,0.42,-1.6,43219071.43,1
0.07,5.39,0.84,0.22,0.36,0.06,9232920.95,1
0.1,1.69,0.64,0.24,-0.05,-0.11,43578782.86,1
0.33,-3.41,1.01,0,0.25,-0.3,7980796.19,1
0.08,3.08,0.81,0.01,0.28,-0.02,10517017.14,1
0.05,0.52,0.82,0,0.08,0.02,15609840,1
0.62,3.09,0.76,0.01,0.31,0.04,29369628.81,1
0.39,1.31,0.87,0.01,0.15,-0.12,9255429.36,1
0.25,1.49,0.79,0.01,0.36,0.14,11771616.19,1
0.41,0.53,0.56,0.01,0.39,0.3,7068338.1,1
1.91,1.38,1.07,0.01,0.1,-0.07,118651491.4,1
0.01,-5.97,1.66,0.04,1.04,-1.86,14928992.38,1
3.03,-1.63,0.9,0.01,0.02,-0.04,16223416.19,1
0.51,1.46,0.75,0.01,0.11,0.12,15745691.43,1
0.17,2.69,0.81,0.05,0.31,0.1,10557384.76,1
0.33,2.81,0.77,0.06,0.33,0.04,9932200.37,1
0.82,4.58,0.99,0,0.37,-0.06,24673903.81,1
0.31,-0.56,1.15,0.03,0.39,-0.17,63210584.76,1
0.2,3,0.76,0.05,0.18,0.03,15198885.5,1
0.14,2.39,0.74,0.13,0.35,0.23,16104764.76,1
0.06,8.82,0.54,0.04,0.71,0.15,11238971.43,1
0.21,2.63,0.84,0.03,0.42,0.03,27763433.33,1
0.08,1.54,0.78,0.04,0.19,0.07,9465714.29,1
0.24,-2.21,0.72,0.36,-0.08,-0.14,8160577.1,1
0.48,1.53,0.89,0.01,0.29,0.02,23219324.76,1
0.24,3.52,0.96,0.04,0.46,-0.09,19838943.81,1
0.02,3.42,0.76,0.05,0.48,0.07,8142115.24,1
0.02,-0.13,0.79,0.01,0.56,-0.11,11548327.62,1
0.13,-1.67,0.69,0.01,0.07,-0.33,17290160.95,1
8.78,1.1,0.96,0.09,0.03,0,42545369.34,1
18.58,-1.32,1.01,0.02,0,-0.16,42150139.43,1
0.11,1.75,0.7,0.09,0.15,0.11,8356570.64,1
0.11,1.02,0.84,0.09,0.11,0.05,80600673.33,1
0.13,6.5,0.77,0.01,0.64,0.17,23634382.86,1
0.05,3.36,0.77,0.39,0.22,0.08,44572963.99,1
0.29,0.68,0.87,0.03,0.13,0.08,12879779.05,1
0.46,3.85,0.96,0.03,0.4,0.03,8827608.57,1
0.46,1.47,0.81,0.12,0.15,-0.07,13058261.31,1
0.14,-1.15,0.59,0.22,0.08,-0.07,42429774.29,1
0.14,-0.87,1.02,0.1,0.11,-0.19,49315232.38,1
0.14,4.71,0.79,0.31,0.41,0.01,8955162.51,1
0.04,5.52,0.84,0.01,0.14,0.13,16417359.19,1
0.11,-20.84,1.9,0.04,0.93,-1.2,50064367.5,1
0.36,4.01,0.76,0.01,0.51,0.09,10332742.38,1
0.31,-4.07,0.85,0.1,-0.08,-0.39,15549380.95,1
0.16,4.23,0.68,0,0.35,0.11,20859855.24,1
3.35,0.54,0.81,0.18,0.06,-0.05,24532817.14,1
0.01,105.85,0.47,0.54,0.74,0.5,25440301.94,1
0.21,1.88,0.98,0.14,0.26,-0.05,16033080,1
0.25,8.91,0.73,0.04,0.6,0.17,23341005.54,1
0.15,0.75,0.67,0.08,0.15,0.1,7538828.57,1
0.1,1.76,0.81,0.06,0.16,0.04,11759369.52,1
0.42,6.29,0.71,0.09,0.25,0.12,38146476.19,1
0.45,1.92,1.18,0.02,0.39,-0.48,9577727.62,1
0.06,-3.54,1.33,0.54,0.17,-0.92,9659296.4,1
0.81,-9.18,0.88,0.04,-0.76,-0.5,24971874.42,1
0.02,2.63,0.64,0.23,0.41,0.17,16146140,1
0.43,-4.45,0.9,0.25,-0.26,-0.31,44032100,1
0.38,0.89,0.8,0.01,0.22,-0.13,8203384.76,1
0.12,1.38,0.73,0.15,0.22,0.07,61251338.1,1
0.24,-1.8,1.03,0.08,-0.05,-0.25,13823974.15,1
0.29,1.96,0.99,0,0.63,-0.18,7588698.1,1
0.31,4.46,0.75,0.01,0.31,0.15,34053609.52,1
0.17,0.85,0.6,0.12,0.14,0.12,11562093.33,1
0.42,3.69,0.69,0.21,0.26,0.04,18081450.6,1
0.03,2.03,0.85,0.05,0.27,-0.03,11840734.29,1
0.09,5.86,0.81,0.1,0.29,0.1,33450525.39,1
0.06,2.73,0.75,0.09,0.42,0.15,31878784.76,1
0.09,1.94,0.77,0.14,0.21,0.08,11522740.95,1
0.87,-26.15,0.54,0.09,0.12,-0.56,7461010.16,1
0.35,-0.44,0.97,0,0.01,-0.18,8685105.71,1
0.18,-4.89,1.34,0.03,-0.2,-5.68,7417263.81,1
0.01,5.76,0.8,0.02,0.32,0.02,11546738.69,1
0.56,0.97,0.85,0.08,0.25,0.01,7052331.49,1
0.09,-0.28,1.11,0.01,0.21,-0.25,14213748.57,1
0.02,-3.17,1.11,0.17,0.11,-0.35,10619931.67,1
0.43,0.58,0.86,0.29,0.06,0.01,9916789.52,1
0.09,3.14,0.29,0.4,0.19,0.46,28154814.29,1
0.01,3.55,0.81,0.21,0.15,0.02,8899580.95,1
0.41,3.33,0.7,0.04,0.36,-0.07,8862849.52,1
0.08,1.95,0.77,0.03,0.32,0.09,9962642.86,1
0.25,-3.38,0.82,0.03,-0.25,-0.1,19513974.15,1
0.1,1.96,0.86,0.02,0.28,0.05,17921796.19,1
0.33,1.31,0.83,0.23,0.78,0.05,11418132.38,1
0.24,1.36,0.9,0.03,0.15,0.01,30451418.1,1
0.16,7.32,0.55,0.06,0.67,0.07,10069733.33,1
0.04,5.98,0.48,0.09,0.29,0.23,16775923.81,1
0.08,-6.77,0.5,0.04,-0.16,-0.13,15526914.29,1
0.27,0.69,0.68,0.03,0.12,0.13,7353723.81,1
0.11,-1.19,1.06,0.27,0.42,-0.46,8072834.29,1
2.66,2.53,0.96,0.02,0.07,0,13274062.86,1
0.21,1.72,0.7,0.04,0.48,-0.22,80990119.11,1
0.11,-0.06,0.93,0.07,0.09,-0.13,9425485.69,1
0.11,10.2,0.4,0.4,0.68,0.13,11797045.71,1
0.34,3.21,0.45,0.06,0.19,0.17,18603448.57,1
0.17,4.3,0.7,0.29,0.49,0.1,44483765.47,1
0.43,7.53,0.52,0.19,0.22,0.16,24824648.57,1
0.14,5.53,0.77,0.07,0.13,0.18,38111438.1,1
0.13,-0.76,0.85,0.06,0.1,0,9570640.81,1
0.1,5.2,0.7,0.06,0.38,0.02,13763248.38,1
0.04,0.07,0.91,0,0.19,0.02,9397781.9,1
0.13,-2.59,1.08,0.12,0.23,-0.22,8754764.54,1
0.52,3.25,0.69,0.12,0.44,-0.06,35605904.76,1
0.54,1.42,0.9,0.05,0.36,0.03,7022845.8,1
0.06,3.8,0.81,0.06,0.18,0.08,18343310.48,1
0.2,3.53,0.58,0.05,0.27,0.16,54612753.33,1
0.07,5.19,0.88,0.04,0.73,-0.07,11040640.81,1
0.09,0.71,0.88,0,0.28,0.01,11810027.62,1
0.17,-4.01,1.21,0.02,0.67,-0.23,17888960.95,1
0.51,-1.63,1.24,0.04,0.19,-0.39,18649715.6,1
0.09,5.74,0.73,0.25,0.39,0.24,15140854.29,1
0.14,2.52,0.68,0.13,0.27,0.18,23251002.86,1
0.15,6.37,0.72,0.04,0.48,0.1,14615860.57,1
0.12,4.77,0.78,0.16,0.2,0.14,23732642.86,1
0.42,2.24,0.55,0.07,0.31,0,13715867.04,1
0.11,-0.11,0.97,0.39,0.08,-0.33,13367863.34,1
0.12,3.68,0.67,0.1,0.34,0.23,10407043.4,1
0.28,-0.9,0.54,0.59,0.17,0.07,51907853.19,1
0.31,4.69,0.76,0.02,0.62,0.05,10782086.8,1
0.28,-2.62,0.88,0.13,0.01,-0.08,32366784.76,1
0.02,2.54,0.87,0.02,0.23,0.01,10246161.9,1
0.44,1.92,0.88,0.01,0.12,0.04,40172870.48,1
0.12,7.37,0.74,0.03,0.34,0.18,27483487.62,1
0.08,5.39,0.81,0.07,0.24,0.1,26223813.33,1
0.36,3.7,0.76,0.34,0.47,0.04,7271619.58,1
0.3,2.17,0.85,0.03,0.19,0.03,8174032.38,1
1.24,-2.36,0.94,0.03,0.05,0.02,9938795.24,1
0.02,-15.01,2.16,0.54,-1.55,-3.55,8213677.14,1
2.6,-4.04,0.99,0.02,0.02,-0.04,21565714.29,1
0,1.07,0.9,0,0.11,0.03,14982857.14,1
0.05,0.01,0.93,0.06,0.13,-0.19,8769429.52,1
0.18,2.27,0.86,0.02,0.1,0.03,11785711.43,1
0.23,6.73,0.84,0.03,0.37,0.09,6586334.26,1
0.21,1.2,1.02,0.12,0.19,-0.11,14176359.05,1
0.21,6.31,0.88,0.01,0.09,0.05,23568817.14,1
0.25,-1.67,1.04,0.06,-0.18,-0.37,7246219.05,1
0.02,3.38,0.75,0,0.1,0.13,12539497.14,1
0.12,-12.52,0.66,0.18,-0.31,-3.19,6876813.33,1
5.72,1.4,0.85,0,0.05,0.05,13273749.52,1
0.42,2.57,0.82,0.14,0.85,-0.04,10647510.48,1
0.03,3.62,0.8,0.3,0.31,0.09,12475409.97,1
0.06,4.36,0.62,0.17,0.88,0.27,12099819.02,1
0.57,-7.28,0.86,0.09,-1.39,-0.57,27205477.38,1
0.21,3.02,0.79,0.19,0.14,0.09,12377559.05,1
3.75,-0.03,0.97,0.03,0.12,-0.05,17775038.1,1
0.1,1.13,0.78,0.08,0.24,0.12,8977214.22,1
0.2,-2.64,1.33,0,-0.15,-0.95,7110156.97,1
0.12,3.12,0.72,0.16,0.38,0.22,12145488.57,1
0.27,9.16,0.82,0.14,0.23,0.1,30388989.52,1
0.17,2.95,0.77,0.17,0.62,0.06,8008090.48,1
0.13,-2,0.91,0.07,0.48,-0.43,13211711.43,1
0.08,2.93,0.85,0.04,0.27,0.06,11876750.69,1
0.07,-2.13,1.03,0.03,0.08,-0.11,18992637.14,1
62.77,-0.34,1.14,0,0,-0.25,17899953.33,1
0.15,1.84,0.75,0.18,0.34,0.09,9084624.76,1
0.23,1.99,0.28,0.28,0.25,0.06,45983642.66,1
0.36,-1.26,1.13,0.04,0.27,-0.32,7170951.99,1
0.04,-0.72,0.9,0,0.2,-0.17,10674842.11,1
0.04,2.44,0.71,0.03,0.13,0.17,11829266.67,1
0.07,-1.64,0.83,0.02,0.11,-0.1,11453326.67,1
0.44,3.07,0.82,0.03,0.19,0.1,14896474.29,1
0.07,3.02,1.01,0.08,0.4,-0.15,8362005.54,1
0.03,1.85,0.79,0.03,0.32,0.06,10609350.48,1
0.21,6.88,0.79,0.03,0.45,-0.17,11477654.29,1
0.25,3.93,0.75,0.08,0.12,0.07,13098116.19,1
0.27,3.83,0.77,0.1,0.41,0.07,8593520.78,1
0,1.68,0.68,0.02,0.12,0.15,14115350.48,1
0.13,-1.25,0.92,0.09,-0.01,-0.1,8074142.86,1
0.18,-0.04,0.79,0.24,0.14,-0.38,252953000.9,1
0.18,1.47,0.96,0.01,0.33,-0.06,15836311.43,1
0.18,1.54,0.82,0.21,0.08,0.04,7200952.38,1
0,-8.94,1.1,0.11,0.93,-0.65,16765881.9,1
1.57,-1.18,0.71,0.06,0,-0.16,14315033.24,1
0.06,-4.52,0.86,0.03,0.29,-0.09,6820934.29,1
0.04,0.86,0.44,0.1,0.83,-0.04,7459135.73,1
0.03,-1.07,0.92,0.19,0.24,-0.02,8649376.19,1
0.43,4.68,0.41,0.06,0.12,0.55,17148796.19,1
0.3,0.3,0.94,0.03,0.56,-0.13,46230024.76,1
1.64,-3.07,0.99,0.04,0.06,-0.22,10558962.14,1
0.12,10.84,0.6,0,0.56,0.18,7836762.7,1
0,1.58,0.98,0.42,0.46,-0.27,8781116.19,1
0.52,-3.65,0.98,0.07,-0.14,-0.6,13170694.29,1
0.16,-1.54,0.92,0.02,0.04,-0.12,33842720,1
0.03,-16.33,1.32,0.05,0.03,-0.86,8786261.9,1
0.19,4.23,0.74,0.11,0.29,0.14,13513473.68,1
0.05,2.01,0.92,0.07,0.16,-0.01,58353169.9,1
0.14,2.35,0.85,0.01,0.15,-0.02,14369969.52,1
0.43,-6.89,0.81,0.3,0.04,-0.15,20587018.47,1
0.07,1.13,0.79,0.16,0.38,0.06,7404391.43,1
0.13,0.71,0.88,0.17,0.3,-0.19,8991263.16,1
0.15,0.3,0.97,0.16,0.2,-0.29,47894267.62,1
0.1,1.26,0.6,0.04,-0.23,-0.02,95064856.19,1
15.4,-0.46,1.02,0,0.01,-0.06,71046872.38,1
0.17,2.29,0.5,0.09,0.77,0.15,20600149.58,1
0.12,-22.02,1.36,0,-0.7,-0.46,10127360,1
1.55,-0.86,1.22,0.1,0.07,-0.3,20160514.31,1
0.19,-0.66,1.01,0.02,0.05,-0.43,9794876.19,1
0.23,0.59,0.89,0,0.94,-0.16,10360481.99,1
0.23,4.62,0.67,0.05,0.31,0.07,18582745.71,1
27.63,-0.69,0.92,0.02,0.01,-0.01,21292738.1,1
0.7,1.07,0.97,0.01,0.02,-0.19,15061305.71,1
0.25,8.08,0.71,0.1,0.54,0.05,22100418.1,1
0.37,-0.59,0.87,0.06,0.28,-0.12,10745211.43,1
0.05,5.87,0.75,0,0.49,0.18,30206606.67,1
0.02,-15,1.5,0.57,0.75,-1.05,38390691.43,1
0.38,-0.27,0.9,0.02,0.21,-0.14,6609418.28,1
0.08,3.15,0.72,0.13,0.57,0.11,18722397.05,1
0.52,-2.18,1.32,0.05,0.69,-0.42,9215634.35,1
0.14,-29.15,1.14,0,-0.41,-0.97,8271785.71,1
0.04,4.16,0.57,0.05,0.17,0.03,61404957.53,1
0.12,-3.4,0.97,0.16,0.37,-0.02,33506718.37,1
0.25,1.58,0.75,0.33,0.27,0.03,11377811.63,1
0.02,8.48,0.97,0.1,0.33,0.01,15975676.19,1
0,786.88,0.54,0.01,0.14,0.08,36259862.42,1
0.05,-10.03,1.1,0.02,0.02,-0.13,16359468.57,1
0.03,4.76,0.47,0.32,0.38,0.31,9075699.05,1
0.12,2.43,0.89,0.04,0.13,0.01,24936859.05,1
0.15,5.14,0.66,0.28,0.34,-0.08,7802633.33,1
0.19,0.83,0.87,0.25,0.1,0.05,23583067.62,1
0.29,0.15,0.98,0.19,0.22,-0.04,9424237.14,1
0.28,2.94,0.74,0.31,0.15,0.09,15349139.05,1
41.24,-271.41,0.94,0,0,-0.04,12916199.45,1
0.16,1.95,0.75,0.07,0.24,0.16,9022140.95,1
0.23,1.53,0.72,0,0.23,0.03,14955604.8,1
0.13,-1.41,0.82,0.01,0.1,-0.19,10420592.38,1
0.22,83.41,0.7,0.08,0.1,0.06,7438164.36,1
0.93,2.09,0.89,0.08,0.07,0.04,15295475.53,1
0.12,-0.66,1.11,0,0.37,-0.21,10799356.19,1
0.76,0.37,0.59,0.01,0.17,0.24,25553235.46,1
0.13,0.4,0.87,0.15,-0.51,-0.12,14969908.59,1
0.01,-5,0.77,0.05,2.12,0.02,15475632.5,1
0.35,1.59,0.94,0.01,0.08,0,19534321.9,1
0.08,3.48,0.75,0.09,0.44,0.03,15835559.05,1
0.12,1.16,0.96,0.01,0.32,-0.15,11406043.81,1
0.28,1.92,0.61,0.22,0.17,0.07,11613515.24,1
0.09,-0.07,0.85,0,0.46,0,7459200,1
0.08,2.75,0.78,0.2,0.33,0.04,8263809.52,1
0.09,2.72,0.81,0.15,0.37,-0.04,8239168.05,1
0,33.43,0.37,0.09,0.62,0.52,8554600.95,1
0.18,1.1,0.92,0.08,0.27,-0.11,7214813.48,1
1.14,3.57,1.09,0.36,0.12,-0.09,13899834.72,1
0.01,-0.07,1.2,0.11,1.77,-0.64,19642206.67,1
0.71,1.2,0.79,0.02,0.28,0.05,11688237.14,1
1.22,3.37,0.91,0.05,0.15,0.03,11951331.49,1
0.15,2.2,0.94,0.02,0.25,-0.09,8270814.29,1
0.34,2.8,0.8,0,0.24,0.04,11820290.86,1
0.17,2.17,0.79,0.3,0.65,0.16,17259867.62,1
0.57,5.61,0.76,0.05,0.31,0.08,35144861.5,1
0.36,3.17,0.81,0,0.33,0.04,8241056.19,1
0.67,-4.07,0.68,0.2,-0.02,-1.78,11974577.14,1
0.02,0.43,0.93,0.11,0.27,-0.06,23194713.33,1
0.12,15.4,0.83,0.05,0.14,0.11,13030547.62,1
0.33,5.59,0.48,0.09,0.27,0.23,9848176.19,1
0.33,1.31,0.83,0.28,0.17,0.03,14886453.33,1
0.14,2.36,0.86,0.02,0.35,0.05,11493333.33,1
0.05,2.63,0.8,0.34,0.12,0.05,17560594.64,1
0.17,3.39,0.92,0.01,0.68,0.05,10631354.29,1
1.56,-0.4,0.91,0.05,-0.01,0.03,18080464.45,1
0.26,3.36,0.84,0.02,0.41,-0.05,7823621.9,1
1.12,4.11,0.67,0.05,0.14,0.24,16330351.43,1
0.03,-3.44,1.05,0.13,0.48,-0.21,9779772.38,1
1.65,0.64,1.02,0.12,0.05,-0.03,24902595.24,1
0.18,-10.91,1.22,0.14,-0.5,-0.51,80857362.86,1
0.25,1.19,0.83,0.12,0.28,0.11,15240147.74,1
0.2,0.11,1.07,0.03,-0.09,-0.13,8091421.9,1
0.11,4.05,0.77,0,0.76,0.04,49571776.55,1
0.01,3.72,0.82,0,0.53,0.04,6558531.86,1
0.09,1.99,0.71,0.01,0.46,-0.01,12518041.9,1
0.97,2.89,0.89,0.02,0.1,0.04,51207530.93,1
0.33,4.08,0.78,0.04,0.32,0.06,8644531.43,1
0.06,1.37,0.59,0.23,0.16,0.15,7555828.57,1
0.1,-0.76,0.94,0.01,0.35,-0.05,12255890.48,1
0.21,-0.16,0.99,0.01,0.14,-0.19,7534191.43,1
0.03,2.21,0.86,0.17,0.22,0.09,13265253.33,1
0.36,3.81,0.77,0.01,0.34,0.08,20104772.85,1
0.07,1.54,0.83,0.18,0.46,0.03,6813795.01,1
0.09,6.47,0.8,0.12,0.75,0.04,14167369.52,1
0.55,3.6,0.94,0.09,0.14,0,22594396.19,1
0.17,-0.66,0.9,0,0.06,-0.02,9236021.9,1
0.3,-5.19,0.87,0.02,0.42,-0.07,13776900.95,1
0.48,3.57,0.84,0,0.04,0.02,8328620.5,1
0.21,2.31,0.83,0.01,0.44,0.05,10331943.81,1
0.39,-2.4,0.89,0.24,0.09,0.03,21569537.4,1
0.28,5.29,0.77,0.13,0.2,0.05,18216445.98,1
0.06,-21.94,1.51,0.23,0.08,-0.69,36366072.38,1
0.13,0.95,0.85,0.03,0.38,-0.02,15465880,1
1.84,5.65,0.82,0.01,0.05,0.01,7197497.69,1
0.05,4.49,0.88,0.74,0.06,0.05,20745008.57,1
0.06,5.03,0.75,0.02,0.66,0.04,7437504.76,1
0.13,-1.62,0.75,0.53,0.48,0,9105748.85,1
0.03,0.96,0.88,0.07,0.26,0.02,9398856.19,1
1.41,3.17,0.84,0.08,0.1,0.01,21791070.48,1
0.24,4.99,0.83,0.07,0.48,0.02,9079069.52,1
0.29,1.43,0.94,0,0.13,0.02,33879969.52,1
0.71,3.93,0.86,0,0.21,0.08,11753220.68,1
0.14,8.3,0.99,0.01,1.23,-0.14,9376123.81,1
0.21,-5.62,1.01,0,-0.37,-0.24,10222298.1,1
0.08,2.15,0.82,0.08,0.43,0.1,7425313.33,1
0.32,0.91,0.83,0.03,0.33,0,10669693.33,1
0.21,0.92,0.84,0.11,0.38,-0.36,34739601.9,1
0.13,13.88,0.93,0.02,0.2,0.02,8393344.76,1
0.06,-13.78,0.91,0.15,0.25,-0.47,35023403.81,1
0.08,1.9,0.77,0.01,0.58,0.02,13662506.67,1
0.55,3.28,0.99,0,0.3,-0.06,18186475.24,1
5.13,-6.6,0.96,0,0.02,-0.01,14361620.95,1
0.12,3.57,0.96,0.25,0.37,-0.05,25102910.48,1
0.04,2.7,1.22,0.05,0.53,-0.34,7482178.1,1
0.18,1.37,0.87,0.01,0.25,0.01,19787194.29,1
0.2,0.36,0.78,0.22,0.17,0.09,13682327.62,1
0.15,3.13,0.76,0.04,0.23,0.1,6704626.67,1
0.12,3.57,0.97,0.01,0.37,-0.01,6731007.39,1
4.25,3.97,0.88,0,0.03,0,11276864.27,1
0.83,1.89,0.95,0,0.14,0.03,22469708.57,1
0.33,3,0.81,0.18,0.2,-0.02,15871858.1,1
0.04,-3.97,1.05,0.17,-0.15,-0.55,8013575.24,1
0.11,2.98,0.91,0,0.33,0.01,12705787.62,1
0,0.97,0.82,0.1,0.25,0.01,6917820.87,1
5.26,-2.27,1.62,0.08,0.01,-0.64,14408543.81,1
0.12,-0.88,1.07,0.03,0.37,-0.11,18221392.38,1
0.06,1.14,0.9,0.07,0,-0.05,15235272.38,1
0.63,1.33,0.99,0.01,0.16,0,71740807.62,1
0.68,0.92,1,0.47,0.09,-0.02,21589364.76,1
0.23,1.43,0.8,0.11,0.22,0.03,7699907.66,1
1.97,1.11,0.94,0.07,0.07,0,21677882.86,1
0.43,1.25,0.83,0.01,0.2,-0.41,7868540.95,1
2.01,2.47,0.89,0,0.15,0.05,21783100,1
0.61,-27.84,0.35,0.05,0.35,-0.13,9141473.33,1
0.09,0.46,0.88,0.3,0.7,0,9294552.38,1
0.25,6.16,0.7,0.11,0.33,0.12,10671977.14,1
0.76,1.08,0.92,0.01,0.13,0.03,11805335.24,1
0.23,-0.1,0.66,0.06,0.26,-0.12,246952849.5,1
0.13,5.87,0.81,0.13,0.45,0.07,14964556.19,1
0.65,0.84,0.96,0.01,0.07,0,14158227.62,1
0,17.72,0.4,0.58,0.4,0.26,22328854.29,1
0.14,-1.63,0.76,0.05,0.02,-0.2,32557980.95,1
0.03,-11.46,0.99,0.23,-0.11,-1.68,8672303.81,1
1.62,0.48,0.79,0,0.06,0.12,11734886.67,1
0.65,1.53,0.92,0.09,0.09,0.01,13303500.95,1
0.13,2.4,0.49,0,0.43,0.18,6835313.33,1
0.73,0.55,1,0.01,0.04,-0.03,18620440.95,1
0.12,-1.73,1.22,0,0.37,-0.25,24362051.43,1
1.88,1.48,0.9,0,0.09,0.03,7262907.62,1
2.57,4.29,0.85,0.02,0.03,0.01,15171953.33,1
0.19,-1.98,0.81,0.14,-0.01,-0.12,16631914.29,1
0.3,2.43,0.73,0,0.3,0.14,8079700,1
0.01,1.22,0.91,0.1,0.21,0.07,17063086.67,1
0,3.65,0.83,0.07,0.2,-0.04,11386816.19,1
0.86,-4.63,1.57,0.02,0.06,-0.63,24066476.19,1
0.5,1.51,0.97,0.01,0.33,0.02,24749901.9,1
0.41,0.53,0.74,0.07,0.18,0.13,8342863.81,1
0.23,1.08,0.87,0.04,0.33,0.03,10848291.78,1
0.12,3.57,1.11,0,0.37,-0.14,15558069.52,1
0.09,-0.33,0.83,0.01,0.2,0,8482348.57,1
1.4,0.93,0.99,0.01,0.13,0,18266780.95,1
0.3,2.08,0.71,0.07,0.22,0.18,7994459.83,1
0.66,1.33,0.99,0.03,0.25,-0.02,11592675.24,1
1.51,-4.71,0.88,0.05,-0.6,-0.22,6804040.95,1
0.03,3.31,0.8,0.1,0.67,0.05,21610043.81,1
0.53,1.27,0.98,0.11,0.22,-0.09,9335090.48,1
0.22,3.35,0.82,0.06,0.24,-0.14,14428879.96,1
0.07,1.3,1.08,0.01,0.51,-0.17,9384263.81,1
0.14,4.54,0.77,0.12,0.27,0.14,9827573.33,1
0.07,2.85,0.88,0.01,1.13,0.01,8711529.52,1
1.51,1.08,0.97,0,0.13,0.02,48005941.9,1
1.05,3.25,0.78,0.01,0.14,0.11,8762949.52,1
0.5,3.04,0.81,0.03,0.27,0.03,8525440.95,1
0.44,5.06,0.6,0.02,0.43,0.19,26333122.86,1
0.12,3.57,1,0,0.37,-0.01,32922352.38,1
9.28,1.16,0.97,0,0.05,-0.01,6879303.81,1
1.09,1.86,0.96,0,0.14,0.02,17847850.48,1
2.05,0.19,1.29,0.03,0.13,-0.32,11515419.05,1
0.12,-0.7,1.11,0,0.37,-0.14,9742768.57,1
2.41,-1.91,0.93,0,0,0.01,23695561.9,1
8.5,-0.91,1.28,0.01,0.01,-0.31,8355880,1
0.12,-1.64,1.27,0.11,-3.18,-0.49,19075084.76,1
0,4.94,0.67,0.09,0.29,0.27,10491743.81,1
0.62,0.65,0.99,0.01,0.37,-0.43,7204519.05,1
0.16,0.1,0.64,0.37,0.09,0,20681386.67,1
0.06,-1.37,0.95,0.15,-0.4,-0.19,265390461.9,1
0.13,1.08,0.83,0,0.22,0.08,7501385.04,1
0.06,2.03,0.99,0.14,0.38,-0.1,13921275.24,1
0.91,2.02,0.78,0,0.33,0.15,16232580.95,1
0.2,-4.11,1.1,0.07,0.04,-0.22,14233595.24,1
0.11,1.94,0.79,0.05,0.25,0.05,14597998.15,1
0.3,2.28,0.75,0.05,0.18,0.14,19512816.19,1
0.18,3.77,0.59,0.14,0.27,0.08,30971562.33,1
0.12,-0.63,1.05,0.15,0.37,-0.07,8313251.43,1
0.01,-14.19,1.21,0.01,-0.09,-0.34,7602645.43,1
0.08,1.14,0.92,0.11,0.28,0.02,7501360,1
0.58,1.15,0.82,0.05,0.17,0.07,7994285.71,1
0.12,3.57,0.97,0,0.37,-0.01,8712572.38,1
0.22,1.19,1.02,0,0.22,-0.06,13992746.67,1
0.01,-0.6,0.85,0.01,0.03,0.1,39544890.48,1
0.27,2.65,0.88,0,0.31,0.03,20051571.43,1
0.08,-0.27,0.82,0.06,0.23,0.06,42250509.7,1
0.67,-1.44,0.99,0,0,-0.15,14655289.52,1
0,1.99,0.77,0.09,0.28,0.01,9591792.38,1
0.02,1.99,0.7,0.01,0.33,0.24,40917868.57,1
0.43,-0.48,0.76,0.04,0.17,-0.03,21750755.24,1
0.37,0.34,0.99,0.01,0.17,-0.21,35952344.76,1
0.17,-5.85,0.89,0.02,0.11,-0.02,38103314.87,1
0.14,2.39,1.03,0.08,0.47,-0.3,13564348.11,1
0.06,2.22,0.97,0.01,0.5,-0.23,9338529.52,1
0.27,-3.78,0.95,0.13,0.19,-0.72,30096449.52,1
0.9,-1.18,0.8,0.03,0.08,0.13,14545550.48,1
0.05,0.52,0.72,0.12,0.32,0.23,27026982.46,1
0.24,1.45,0.77,0.29,0.28,0.1,67582016.19,1
0.35,1.14,0.96,0.01,0.34,-0.29,8758806.67,1
0.2,2.95,0.78,0.04,0.29,0.07,15843770.48,1
0.02,-7.9,1.15,0.69,-0.59,-1.17,7351971.43,1
0.09,-8.86,0.9,0.14,-0.29,-0.5,7760573.41,1
0.1,27.6,0.66,0.01,1.5,0.34,90407815.33,1
0.13,2.06,0.15,0,0.13,0.38,11964615.24,1
0.3,3.15,0.64,0.04,0.49,0.12,19124821.79,1
0.29,1.29,0.76,0,0.19,0.02,17524310.48,1
0.34,2.25,0.9,0,0.3,0.01,18368820,1
0.16,2.51,0.53,0.07,0.29,0.03,687683515.2,1
0.08,-0.92,0.45,0.18,0.2,-0.71,44202094.18,1
0.14,-2.27,0.86,0.04,-0.04,-0.19,18075182.86,1
0.1,6.79,0.5,0.14,0.51,0.07,1422537681,1
0.09,-0.86,0.83,0.02,0.05,-0.67,32843812.38,1
0.13,21.22,0.41,0.07,0.73,0.41,146122623.8,1
0.17,22.24,0.22,0.21,0.59,-0.02,52291393.33,1
0.07,-4.88,1.27,0,-0.88,-0.64,7117126.67,1
0.28,2.69,0.75,0.06,0.34,0.01,25239236.38,1
0.08,1.88,1.09,0.02,0.41,-0.31,21287791.43,1
0.19,0.21,0.94,0.02,0.33,-0.11,14507044.76,1
0.18,0.21,0.89,0.16,0.12,-0.06,18883100.95,1
0.22,1.56,0.67,0.18,0.29,0.29,13761779.05,1
0.07,-1.12,1.51,0.13,0.05,-1.14,23136878.1,1
0.82,1.84,0.74,0.17,0.11,0.11,61550793.17,1
0.04,1.67,0.86,0.09,0.23,-0.01,11651712.38,1
0.46,0.75,0.92,0,0.19,0,10816307.62,1
4.26,-0.09,1.14,0.05,0,-0.14,83633174.29,1
0.12,-0.28,0.95,0,0.01,-0.02,8753878.1,1
0.12,-0.82,1.08,0.07,0.37,-0.1,39089765.71,1
0.43,2.64,0.72,0.03,0.18,0.07,29683004.76,1
0.03,9.48,0.66,0.13,0.47,0.26,37122796.19,1
0.19,0.46,0.91,0.19,0.08,0.01,16592066.67,1
0.18,6.76,0.8,0.24,0.58,0.06,26128019.39,1
0.12,3.57,1,0.02,0.37,-0.01,24750123.81,1
1.55,2.21,1.02,0.01,0.12,-0.03,22292388.57,1
9.88,1.42,0.93,0.05,0.07,0.02,9830255.24,1
0.12,-8.62,1.22,0.07,0.37,-0.23,15946834.29,1
0.28,-1.5,0.52,0.07,0.07,-0.04,21257675.24,1
0.16,2.86,0.54,0.23,0.17,0.11,22938671.28,1
1.89,-2.33,0.37,0.03,0.04,0.06,33301808.57,1
0.19,-6.04,1.52,0.11,0.08,-2.39,54050201.9,1
0.15,-0.4,0.89,0.14,0.04,-0.34,23896037.14,1
0.02,3.76,1.25,0.3,0.42,-0.48,68038953.33,1
0.38,0.22,0.8,0.01,0.11,0,26594647.62,1
0.04,-0.18,0.96,0.1,0.24,-0.11,834594919.1,1
0.28,2.15,0.6,0.51,0.18,0.1,210546596.5,1
0.02,0.09,0.89,0.56,0.16,-0.01,39635984.3,1
0.05,45.04,0.51,0.08,0.37,0.44,12385688.57,1
0.3,2.97,0.74,0.04,0.29,-0.1,49942207.62,1
0.19,1.73,0.87,0.16,0.35,0.02,7469746.67,1
0,1.77,0.93,0.01,0.08,-0.08,16377247.46,1
0.23,-0.73,0.72,0.05,0.11,0,16908888.57,1
0.1,4.33,1.56,0.01,0.85,-0.85,13054283.81,1
0.01,1.77,0.66,0.12,0.2,0.01,164912681,1
0.48,-2.38,0.89,0.19,0.13,-0.44,49964169.9,1
0.19,2.1,0.97,0.1,0.31,-0.18,24694258.1,1
0.06,-0.63,0.99,0.02,0.16,-0.13,32299168.05,1
0.12,4.22,0.5,0.55,0.19,0.3,27364621.42,1
0.08,4.89,0.86,0.08,0.36,0,25972525.39,1
0.12,-6.61,0.69,0.13,-0.1,-0.12,18068124.65,1
0.01,3.56,0.88,0.38,1.45,-0.08,33546763.62,1
0.01,-8.06,0.59,0.28,-0.05,-0.07,22290161.9,1
0.2,-0.72,1.49,0.55,0.2,-1.41,25749870.48,1
0.05,3.49,0.66,0.19,0.32,0.16,17819480,1
0.27,-3.01,0.89,0.33,0.07,-0.49,45106110.8,1
0.07,1.83,0.91,0.17,0.47,0,11552428.44,1
0.2,-0.38,1.04,0.04,0.11,-0.1,7752048.57,1
0.21,-3.79,0.86,0.01,-1.58,-0.58,9915611.43,1
0.35,1.14,0.95,0.01,0.21,-0.21,11483235.46,1
0.16,1.57,0.76,0.31,0.15,-0.03,33149285.71,1
0.13,-11.25,0.76,0.26,-0.18,-3.41,26074542.94,1
0.28,3.81,0.59,0.19,0.22,0.06,101612026.7,1
0.05,1.66,1.04,0.36,0.35,-0.17,12316100,1
0.09,0.46,1.83,0,0.28,-3.38,9937331.49,1
0.34,1.55,0.74,0.32,0.18,0.17,10934423.81,1
0.12,2.2,0.95,0,0.14,0.01,10611820.87,1
0.07,3.37,0.8,0.01,0.32,0.06,13831416.44,1
0.18,20.6,0.61,0.01,0.27,0.2,585032507.6,1
0.12,1.12,0.72,0.09,0.26,-0.16,28976414.29,1
0.06,1.63,0.79,0.03,0.11,0.13,129786420,1
0,3.81,0.71,0.25,0.11,0.12,28225027.62,1
0.12,-1.52,0.96,0.02,-0.01,-0.02,15178514.29,1
0.65,-0.22,0.92,0.09,0.04,-0.05,18091950.14,1
0.05,0.77,0.8,0.07,0.12,0.03,8260154.29,1
0.56,-2.32,0.51,0.29,0.12,-0.23,13881542.01,1
0.09,-1.01,0.87,0.06,0.26,0.08,8917280,1
0.12,4.08,0.85,0.08,0.48,0.01,64177546.67,1
0.1,2.62,0.75,0.08,0.23,0.13,15096531.43,1
0.67,0.75,0.67,0.03,0.11,0,9399904.76,1
0.08,0.21,0.91,0.06,0.34,-0.3,7199321.9,1
0.42,-7.08,0.91,0,-0.31,-0.37,7161781.16,1
0.24,2.12,0.72,0.03,0.28,0.12,12344644.76,1
0.09,12.48,0.65,0.14,0.9,0.21,27665987.62,1
0.29,1.09,0.86,0,0.17,0.02,17889880.95,1
0.12,4.57,0.71,0.26,0.29,0.13,10613654.66,1
0.31,2.66,0.85,0,0.29,0.05,11061449.52,1
0.13,3.39,0.72,0.09,0.38,0.14,14161420.95,1
0.17,-17.82,1.49,0.09,-0.09,-0.59,11278922.86,1
0.14,3.45,1.21,0,0.47,0.11,7277771.01,1
0.16,1.22,0.98,0.05,0.35,-0.23,19741074.29,1
0.12,-0.92,0.76,0.16,0.02,0.11,41099536.47,1
0.03,5.06,0.7,0.05,0.53,0.19,14194420.95,1
0.01,1.95,0.85,0.08,0.8,-0.06,11136978.1,1
0.02,-0.69,0.87,0.07,0.23,-0.06,32711461.9,1
0.01,1.05,0.77,0.24,0.22,0.09,24309937.14,1
0.37,-1.08,1.19,0.17,0.3,-0.6,13413132.96,1
0.34,-0.62,0.75,0.02,0.41,-0.01,7828952.38,1
0.17,-5.28,1.16,0.14,-0.36,-1.69,8983623.81,1
0.05,1.08,0.7,0.15,0.69,0.18,24131517.14,1
0.34,2.41,0.74,0.24,0.29,0.26,31076101.9,1
0.01,77.52,0.42,0.1,0.3,0.53,7238118.1,1
0.4,2.55,0.93,0.02,0.1,-0.09,20402985.23,1
0.13,-0.76,0.66,0.02,0.79,0.23,6710202.86,1
0.05,4.88,0.96,0.02,0.47,-0.07,12852069.52,1
0.12,-3.47,0.97,0.02,-0.07,-0.78,10925448.57,1
0.2,1.99,0.72,0.03,0.26,0.16,9206562.33,1
0.09,-38.67,0.26,0.46,0.06,0.6,12656255.77,1
0.38,0.71,0.67,0.02,0.16,0.02,38191108.96,1
0.28,3.18,0.47,0.47,0.22,0.21,61795674.29,1
0.12,-2.54,0.96,0.11,-0.68,-0.18,7395240.95,1
0.11,1.04,0.99,0.21,0.23,-0.1,10646295.48,1
0.28,2.02,0.97,0.02,0.48,-0.18,10449882.86,1
0.04,5.58,0.46,0.07,0.39,0.27,6661373.96,1
0.77,-0.31,0.92,0,0.12,-0.19,9835495.24,1
0.39,-0.39,0.8,0.04,0.08,-0.25,51216619.05,1
0.12,-7.6,1.08,0.02,-0.4,-0.24,18507881.9,1
0.01,-3.77,0.68,0.12,0.29,-1.13,21263886.67,1
0.08,-14.85,0.6,0.29,-0.16,-0.81,27980284.76,1
0.39,4.01,0.83,0.08,0.24,0.08,14560615.24,1
0.39,2.35,0.76,0.02,0.3,-0.05,9771779.05,1
0.19,2.42,0.83,0.17,0.97,0.05,11235238.1,1
0.47,-0.59,0.9,0,0.22,-0.93,8006706.37,1
0.48,-0.62,0.77,0.15,0.43,-0.48,9975899.05,1
0.24,2.6,0.94,0,0.53,-0.27,7771873.33,1
0.2,1.88,0.83,0.05,0.57,-0.21,212885659.1,1
0.13,1.25,0.81,0.03,0.19,0.01,7516640,1
0.06,-1.08,0.52,0.01,0.23,-0.16,43833839.05,1
0.11,4.37,0.79,0.01,0.7,0.05,7318890.48,1
0.14,0.41,0.8,0.02,0.11,-0.09,13276862.42,1
0.39,-0.01,0.95,0,0.21,-0.15,14720184.76,1
0.72,1.53,0.76,0.02,0.15,0.15,16795845.8,1
0.19,2.97,0.89,0.08,0.43,0.02,20485085.71,1
0.06,-2.8,1.14,0.03,0.18,-0.15,8400742.86,1
0.08,3.4,0.81,0.1,0.34,0.1,14973875.24,1
0.01,3.1,0.87,0.02,0.15,0.04,47246975.24,1
0.07,2.25,0.89,0,0.19,0.02,24244594.29,1
0.12,1.04,0.63,0.31,0.14,0.24,7582600.95,1
0.13,2.36,0.68,0.13,0.25,0.16,7859801.9,1
0.08,6.18,0.89,0.43,0.6,0.08,107088798.7,1
0.15,5.3,0.44,0.17,0.22,0.33,11391515.24,1
0.12,-0.17,0.75,0.02,0.11,0.02,16463056.33,1
0,2.66,0.44,0.06,0.16,0.28,15090931.43,1
0.43,5.59,0.94,0.05,0.16,-0.03,17040041.55,1
0.54,1.74,0.77,0.02,0.18,0.07,14817646.67,1
0,0.97,0.92,0.07,0.11,-0.02,14562825.71,1
0.09,0.07,0.51,0.15,0.29,0.15,15953832.87,1
0.17,0.53,0.79,0.01,0.4,-0.01,11116951.43,1
0.11,-6.39,1.33,0.08,-1.09,-4.55,8933497.14,1
0.06,2.61,0.75,0.1,0.32,0.14,10902210.53,1
0.16,0.49,0.81,0.2,0.17,0.01,17454833.33,1
0.09,3.94,1.1,0.15,0.48,-0.23,14464442.86,1
1.02,1.33,0.86,0.1,0.09,0.02,15933797.14,1
0.05,4.52,0.66,0.06,0.12,0.22,11628754.29,1
0.54,2.24,0.63,0.16,0.39,0.04,17441595.57,1
0.12,4.04,0.92,0.02,0.22,0.02,15023437.14,1
1.12,-2.37,1.2,0.05,-0.09,-0.58,24196818.1,1
0.34,0.27,0.96,0.1,0.18,-0.2,9142642.86,1
0.13,2.16,0.95,0.09,0.29,-0.06,23252745.71,1
0.22,1.48,0.56,0.23,0.3,-0.01,24297139.05,1
0.41,1.63,0.86,0.03,0.28,0.04,11515554.29,1
0.02,6.12,0.79,0.04,0.26,-0.03,7729515.24,1
0.01,3.6,0.81,0.01,0.46,0.07,15816682.36,1
0.04,6.26,0.86,0.23,0.54,-0.01,6742084.76,1
0.14,13.46,0.45,0.04,0.95,0.29,29917942.75,1
0.02,-1.68,0.73,0.23,0.21,-0.33,8280680.95,1
0.11,-0.58,0.98,0.13,0.52,-0.11,14120449.68,1
0,-0.83,0.8,0.05,0.24,0.16,7981819.94,1
0.4,3.25,0.8,0.05,0.29,-0.01,10416987.62,1
0.23,-2.79,0.89,0.07,0.55,-0.17,29334238.1,1
0.97,0.54,0.72,0.05,0.11,-0.13,13495748.57,1
0.74,0.35,0.87,0.05,0.38,-0.07,8834666.67,1
0.11,-2,0.69,0.53,0.19,0.14,18287476.45,1
0.08,-1.65,0.79,0.17,0.33,-0.25,17581380.95,1
0.05,2.49,0.8,0.01,0.26,0.08,43048667.62,1
0.29,0.5,0.9,0.02,0.21,-0.09,8196362.86,1
0.14,2.93,0.67,0,0.66,0.18,11487787.62,1
0.4,-0.57,0.82,0.2,0.17,-0.06,29410769.16,1
0.07,-0.04,1.15,0.07,0.08,-0.2,18994169.52,1
0.15,0.38,1.09,0.06,0.17,-0.17,16469130.48,1
0.09,2.05,0.85,0.17,0.27,0.12,11615804.25,1
0.05,-2.09,1.09,0.17,0.24,-0.71,36851027.62,1
0.34,-1.87,0.75,0.07,-0.37,-0.11,6595852.26,1
0.45,1.13,0.99,0.01,0.2,-0.12,14722142.86,1
0.49,-0.78,0.93,0,0.03,-0.03,12184176.19,1
0.27,1.31,0.98,0.02,0.26,-0.39,9246286.24,1
0.22,1.48,0.81,0.13,0.23,0.12,13658096.03,1
0.07,1.17,0.96,0.02,0.27,-0.23,10947348.57,1
0.14,1.23,0.73,0.04,0.35,0.03,23038689.52,0
0.06,3.14,0.07,0.32,0.39,-0.14,8728372.38,0
0.41,-3.63,0.54,0.35,-0.24,-0.64,20648769.52,0
0.16,18.92,0.28,0.08,0.46,0.7,23656323.81,0
0.37,1.1,1.16,0.18,0.24,-0.3,6845559.05,0
0.31,1.28,0.66,0.18,0.31,0.31,11940602.86,0
0.01,3.14,0.06,0.67,0.41,0.79,12761223.81,0
0.04,-1.06,0.98,0.04,0.19,-0.67,7411154.29,0
0.16,9.68,0.43,0.28,0.39,0.5,11933574.29,0
0.03,7.5,0.67,0.27,1.15,0.31,14359900,0
0.1,3.21,0.68,0.13,0.51,0.19,9268115.24,0
1,10.7,0.76,0.03,0.16,0.21,311290298.1,0
0.07,3.05,0.64,0.28,0.39,0.14,7221282.86,0
0.07,624.78,0.11,0.56,0.32,0.78,21449329.52,0
0.08,2.61,0.88,0.05,0.47,0.03,23816126.67,0
0.52,2.24,0.77,0.1,0.37,0.07,11676359.05,0
0.08,5.8,0.6,0.02,0.21,0.27,10810694.29,0
0.01,2.4,0.73,0.26,0.33,0.19,8289040,0
0.04,32.55,0.46,0.2,0.38,0.5,45743963.81,0
0.22,8.26,0.4,0.06,0.35,0.43,74470204.76,0
0.03,12.08,0.61,0.43,1.08,0.3,15610527.62,0
0.19,95.86,0.28,0.11,0.39,0.54,14253209.52,0
0.13,3.14,0.71,0.01,0.17,0.05,8349438.1,0
0.01,3.4,0.68,0.03,0.27,0.17,24916683.81,0
0.04,26.78,0.25,0.37,0.2,0.37,66943477.14,0
0.15,3.52,0.7,0.01,0.31,0.19,8759043.81,0
0.07,2.5,0.71,0.12,0.27,0.2,10506431.43,0
0.15,8.32,0.34,0.09,0.46,0.65,19809560.95,0
0.14,6.61,0.41,0.15,0.73,0.44,12815394.29,0
0.13,8.92,0.58,0.11,0.79,0.33,20793578.1,0
0.07,4.23,0.33,0.58,0.14,0.66,11899641.9,0
0.13,5.24,1.12,0.13,1.96,-1.16,49239020.95,0
0.19,4.61,0.53,0.09,0.24,0,11073384.76,0
0.62,1.65,0.83,0.02,0.12,0.14,88226498.1,0
0.03,79.43,0.42,0.33,0.28,0.23,19642840,0
0.15,2.12,0.6,0.37,0.39,0.07,10429712.38,0
0.3,3.35,0.74,0.02,0.3,0.04,19232014.29,0
0.02,1.05,0.7,0.2,0.19,0.12,9146398.1,0
0.14,7.4,0.57,0.46,0.46,0.2,38738554.29,0
0.29,2.12,0.52,0.04,0.23,0.4,12319741.9,0
0.15,2.53,0.73,0.32,0.15,-0.31,15395700.95,0
0.02,7.71,0.48,0.03,0.48,0.41,8820541.9,0
0.16,5.13,0.64,0.11,0.37,0.18,36548812.38,0
0.03,16.49,0.5,0.05,0.27,0.39,11950938.1,0
0.1,10.32,0.12,0.22,0.42,0.66,8086317.14,0
0.25,1.99,0.26,0.13,0.33,0.25,7521265.71,0
0.26,4.88,0.75,0.08,0.44,0.2,10062312.38,0
0.1,50.27,0.49,0.08,0.95,0.48,7101245.71,0
0.12,12.24,0.62,0.07,0.43,0.11,13218904.76,0
0.09,343.18,0.47,0.51,1.4,0.35,60906536.19,0
0.05,2.46,0.57,0.06,0.85,0.37,8708274.29,0
0.17,52.7,0.7,0.18,0.39,0.19,17504915.24,0
0.01,148.93,0.46,0.51,0.48,0.45,21235915.24,0
0.26,2.8,0.77,0.1,0.15,0.12,13335630.48,0
0.17,344.52,0.98,0.03,0.31,0.01,66445402.86,0
0,44.91,0.33,0,0.52,0.58,11233392.38,0
0.02,1.02,0.81,0.04,0.36,0.15,10731297.14,0
0.02,15.61,0.62,0.01,0.28,0.36,17225546.67,0
0.02,6.67,0.58,0.2,0.29,0.4,12963922.86,0
0.21,-0.75,0.53,0.59,0.14,0.42,8646929.52,0
0.64,35.6,0.3,0.05,0.32,0.68,14162168.57,0
0.04,1.97,0.75,0.17,0.78,0.23,7209419.05,0
0.22,-0.81,0.53,0.03,0.13,0.16,14023491.43,0
0.1,1.92,0.78,0.01,1.07,-0.15,35255393.33,0
0,-186.05,0.55,0.2,0.14,0.31,13696244.76,0
0.03,5.32,0.7,0.06,0.87,0.28,35393991.43,0
0.05,4.62,0.32,0.08,0.39,0.42,9610921.9,0
0,5.84,0.27,0.23,0.22,0.51,9201678.1,0
0.06,0.66,0.86,0.04,0.1,0.02,16962741.9,0
0.1,0.86,0.3,0.45,0.21,-0.16,47489178.1,0
0.08,7.72,0.63,0.39,0.26,0.29,31265963.81,0
0.01,114.12,0.71,0.41,0.21,0.15,57057272.38,0
0.09,64.55,0.19,0.53,0.18,0.74,23984728.57,0
0.12,48.39,0.27,0.23,0.31,0.45,8862657.14,0
0.11,69.3,0.28,0.28,0.35,0.54,30292953.33,0
0.12,997.15,0.38,0.43,0.41,0.48,8101560.95,0
0.13,6.82,0.51,0.14,0.56,0.19,14277394.29,0
0.08,324.43,0.15,0.34,0.48,0.77,19092873.33,0
0.04,102.15,0.39,0.39,0.53,0.58,9841525.71,0
0.14,3.08,0.8,0.09,1.12,0.01,9979712.38,0
0.21,21.41,0.61,0,0.73,0.33,9270924.76,0
0.2,0.91,0.81,0.11,0.3,0.01,14605973.33,0
0.33,3.45,0.71,0.04,0.37,0.18,8452366.67,0
1.32,1.34,0.96,0,0.1,0.02,25842911.43,0
0.06,4.55,0.8,0.09,0.45,0.09,13522713.33,0
0.07,1.34,0.79,0.02,0.4,0.12,10254685.71,0
0,238846.95,0.11,0.29,0.52,0.53,89557399.05,0
0.14,5.64,0.51,0.15,0.31,0.28,92331052.38,0
0.15,29.73,0.22,0.47,0.33,0.56,11288425.71,0
0.02,571.78,0.16,0.71,0.49,0.82,10205668.57,0
1.34,-10.24,0.53,0.01,0.02,0.13,15547672.38,0
0.12,146.61,0.26,0,1.24,0.43,43651393.33,0
0.26,0.08,0.97,0.13,0.81,-0.05,11153549.52,0
0.15,3.14,0.12,0.74,0.36,0.85,10348109.52,0
0.04,397.46,0.08,0.89,0.81,0.71,21133336.19,0
0.03,41.04,0.54,0.09,0.36,0.42,34488237.14,0
0.07,3.14,0.15,0.8,1.07,0.72,30835028.57,0
0.06,-36.35,0.21,0.29,0.1,0.74,56177787.62,0
0.2,1.35,0.84,0.01,0.37,0.05,11762144.76,0
0.14,-8.49,0.28,0.48,0,-0.11,35910843.81,0
0.11,89.87,0.05,0.12,0.34,0.59,160697534.3,0
0.1,44.64,0.22,0.19,1.3,0.51,205053973.3,0
0.08,92.04,0.23,0.17,0.84,0.56,9969878.1,0
0.15,59.87,0.57,0,0.66,0.36,54723795.24,0
0.02,5.2,0.67,0.03,0.66,-0.1,11024086.67,0
0.05,10.05,0.49,0.14,1.06,0.45,55069522.86,0
0.01,5.93,0.52,0.06,0.46,0.34,16642943.81,0
0.04,3.14,0.08,0.73,0.08,0.89,19763393.33,0
0.21,4.53,0.86,0.03,1.04,0.14,83349433.33,0
0.03,5.66,0.59,0.39,0.27,0.15,23682220.95,0
0.27,1.7,0.71,0.05,0.29,0.08,9147760,0
0.03,2.76,0.61,0.21,0.21,0.31,19740363.81,0
0.39,-10.49,0.73,0,-0.02,0.08,21836039.05,0
0.1,6.92,0.6,0.14,0.95,0.2,9436252.38,0
0.09,33.58,0.64,0.19,0.66,0.26,8876279.05,0
0.16,3.89,0.68,0.05,0.27,0.17,7547464.76,0
0.07,9.38,0.34,0.65,0.36,0.02,8919674.29,0
0.23,1.92,0.82,0.12,0.25,0.11,7416771.43,0
0.12,262.38,0.45,0.62,0.35,0.49,22625712.38,0
0.41,5.9,0.74,0.12,0.18,0.15,56960015.24,0
0.18,26.86,0.46,0.22,0.56,0.44,9996634.29,0
0.12,4.05,0.75,0.31,0.81,0.15,7816405.71,0
0.01,-90.24,0.25,0.57,0.12,0.63,11883556.19,0
0.08,11.84,0.52,0.09,0.81,0.26,12051908.57,0
0.33,10.86,0.54,0.06,0.23,0.14,30746640,0
0.25,3.05,0.85,0.11,0.73,0.08,9625401.9,0
0.06,1.63,0.83,0.04,0.34,0.16,34799317.14,0
0.04,3.57,0.14,0.06,0.15,0.67,9607615.24,0
0.1,17.07,0.5,0.08,0.51,0.48,19479413.33,0
0.11,21.02,0.67,0.26,0.45,0.26,13354314.29,0
0.05,6.57,0.6,0.08,0.43,0.02,18144749.52,0
0.14,0.84,0.64,0.26,0.56,0.22,6742766.67,0
0.09,13647.5,0.34,0.58,0.48,0.55,11604844.76,0
0,48.69,0.32,0.39,0.85,0.61,11938805.71,0
0.07,3.67,1.44,0.02,0.47,-0.49,22900402.86,0
0.1,-5.79,0.46,0.68,-0.19,-0.6,20583191.43,0
0.19,12.6,0.4,0.07,0.56,0.59,18706377.14,0
0.03,4.33,0.81,0.1,0.69,0.13,68221680,0
0.3,12.48,0.62,0.03,0.26,0.25,13506399.05,0
0.09,5.85,0.53,0.02,0.33,0.45,15705527.62,0
0.13,2.61,0.67,0.28,0.18,0.25,12629411.43,0
0.09,3.81,0.75,0.04,0.28,0.1,19214615.24,0
0.04,1.42,0.25,0.37,0.23,0.7,64595707.62,0
0.04,7.57,0.72,0.09,0.22,0.25,9609208.57,0
0.04,-0.91,2.24,0.05,0.53,-1.24,21391550.48,0
0.24,4.97,0.8,0.07,0.3,0.09,8375077.14,0
0.16,5.29,0.88,0.03,0.21,0.12,117108861,0
0.13,24.52,0.41,0.17,0.58,0.58,9723627.62,0
0,47.66,0.27,0.3,0.95,0.68,16531990.48,0
0.11,0.99,0.63,0.09,0.38,0.27,27502740.95,0
0.01,21.26,0.65,0.02,0.3,0.22,16539537.14,0
0.14,8.57,0.46,0.24,0.47,0.38,12696699.05,0
0.13,116.72,0.26,0.54,0.9,0.58,11908331.43,0
0.03,85.38,0.29,0.42,0.89,0.68,7558599.05,0
0.85,-2.44,0.19,0.09,-0.36,-1.44,15799129.52,0
0.23,0.69,0.77,0.03,0.46,0.2,9661948.57,0
0.22,11.52,0.52,0.13,0.18,0.16,776845004.8,0
0.07,4.74,0.79,0.49,0.18,0.11,58930700,0
0.04,4.28,0.76,0.13,0.46,0.06,26004883.81,0
0.01,146.29,0.42,0.14,0.22,-0.09,21300808.57,0
0.29,-10.1,0.57,0.26,-0.18,-2.71,9770273.33,0
0.27,3.18,0.77,0.07,0.54,0.04,20333232.38,0
0.06,95.51,0.48,0.2,0.76,0.47,22464185.71,0
0.02,4.81,0.74,0.02,0.29,0.18,11767198.1,0
0.73,1.03,0.96,0.05,0.12,0,24693052.38,0
0.24,4.73,0.57,0.03,0.3,0.16,8865724.76,0
0.16,2.76,0.75,0.06,0.46,0.14,11840035.24,0
0.06,146.7,0.39,0.32,1.31,0.61,39070940,0
0.01,9.57,0.62,0.13,0.65,0.31,10326571.43,0
1.33,-2.56,1.12,0.01,0.09,-0.18,12480548.57,0
0.09,3.1,0.88,0.05,0.3,0.06,13334994.29,0
0.22,-0.35,1.09,0,0.14,-0.31,8601622.86,0
1.91,0.94,1.06,0.02,0.06,-0.15,8494695.24,0
0.1,8.43,0.78,0.02,0.38,0.09,18462542.86,0
0.13,-0.47,1.24,0.25,-0.18,-0.85,10680940,0
0.1,6.28,0.76,0.13,0.46,0.19,31777348.57,0
0.37,3.62,0.79,0.01,0.18,0,17785461.9,0
0.05,6.28,0.61,0.05,0.46,-0.01,140235311.4,0
0.12,158.44,0.31,0.18,0.7,0.52,101319612.4,0
0.09,173.24,0.53,0.7,0.18,0.43,17527093.33,0
0.11,7.14,0.52,0.29,0.45,0.09,11055388.57,0
2.33,-2.71,0.57,0.39,0.07,0.32,47026575.24,0
0.02,37.08,0.36,0.11,1.31,0.54,8923349.52,0
1.32,-0.01,0.83,0.02,0.07,0.14,15259483.81,0
0.19,-14.43,1.57,0.01,-2.08,-1.87,24292610.48,0
0.06,1.24,0.25,0.08,0.31,0.02,8427171.43,0
0.01,27.33,0.51,0.65,0.46,0.19,31855016.19,0
0.02,3.12,0.84,0.08,0.24,0.13,11241119.05,0
0.17,2.4,0.67,0.16,0.22,0.27,50277746.67,0
0.48,2.81,0.57,0.08,0.27,-0.03,8966168.57,0
0.14,3.76,0.79,0.02,0.3,0.05,42598952.38,0
0.08,26.27,0.57,0.58,0.38,0.37,9661498.1,0
0.11,2.51,0.83,0.02,0.25,0.1,11909459.05,0
0.09,1.91,0.61,0.29,0.32,0.11,26897179.05,0
0.02,16.9,0.48,0.11,0.82,0.25,17868948.57,0
0.21,128.04,0.72,0.06,0.99,0.24,10075460.95,0
0.25,3.3,0.85,0,1.49,0.11,11044049.52,0
0.13,1.39,0.85,0.02,4.24,0.08,7739063.81,0
0.12,2.99,0.55,0.14,0.33,0.05,8291081.9,0
0.03,5.1,0.78,0.36,0.36,0.16,56631984.76,0
0,7.08,0.69,0.27,0.29,0.23,12797890.48,0
0.2,4.76,0.75,0.17,0.27,0.17,12844504.76,0
0.12,2.8,0.65,0.1,0.18,0.16,11996895.24,0
0.04,52.33,0.27,0.69,0.27,0.53,18862714.29,0
0,9.21,0.74,0.34,0.18,0.16,23264561.9,0
0.12,4.22,0.68,0.06,0.44,0.24,23391575.24,0
18.98,1.77,0.96,0.28,0.04,-0.01,33759895.24,0
0.02,5.85,0.77,0.18,0.63,0.11,7795272.38,0
0.05,20.54,0.72,0.22,0.47,0.24,10683387.62,0
0.04,2.05,0.68,0.25,0.34,0.31,11998996.19,0
0.18,-0.04,0.8,0.07,0.04,0.09,28487829.52,0
0.22,20.47,0.48,0.08,0.32,0.46,10190174.29,0
0.54,0.85,0.64,0.01,0.11,0.14,20334156.19,0
0.28,3.46,0.84,0.03,0.43,0.05,8441471.43,0
0.14,1.77,0.65,0.08,0.13,0.26,52781157.14,0
0.07,0.69,0.68,0.41,0.15,0.16,9028690.48,0
0.24,9.87,0.46,0.32,0.33,0.12,20402413.33,0
0.1,3.58,0.69,0.05,1.16,0.11,9576863.81,0
0.1,10.72,0.61,0.21,0.27,0.01,8562238.1,0
0.19,0.54,0.8,0.03,0.14,0.05,18707985.71,0
0.1,3.14,0.8,0.4,0.21,0.11,69973259.05,0
0.02,2.22,0.78,0.34,0.31,0.2,9563117.14,0
0.07,4.29,0.82,0.13,0.31,0.01,9733312.38,0
0.04,2,0.78,0.16,0.37,0.17,10497435.24,0
0.79,62.77,0.3,0.09,0.94,0.67,12543065.71,0
0.11,21.48,0.43,0.13,0.39,0.27,8196577.14,0
0.08,6.61,0.78,0.13,0.37,0.06,15860135.24,0
0.13,2.43,0.72,0.16,0.2,0.2,11870801.9,0
0.09,4.35,0.63,0.12,1.27,0.35,8866248.57,0
0.47,5.88,0.62,0.05,0.31,0.22,34536639.05,0
0.02,521.27,0.64,0.04,0.34,0.13,24516605.71,0
1.09,2.46,1.02,0.05,0.16,-0.04,41688075.24,0
0.01,35.93,0.34,0.63,0.49,0.57,7763704.76,0
0.01,-8.79,0.61,0.09,0.14,-0.15,45560215.24,0
0.13,3.14,0.06,0.56,0.31,-0.42,35306315.24,0
0.08,-6.19,0.66,0.56,-0.13,-1.43,14073031.43,0
0.08,586.89,0.07,0.67,0.33,0.54,25573277.14,0
0.13,5.47,0.4,0.58,0.82,0.15,9497207.62,0
0.39,19.34,0.81,0.2,0.27,0.13,13884752.38,0
0.43,14.9,0.49,0.18,0.42,-0.09,8047739.05,0
0.03,8.3,0.62,0.11,0.66,0.34,26362434.29,0
0.18,45.17,0.38,0.13,0.08,0.51,10948440.95,0
0.11,3.41,0.7,0.23,0.34,0.18,12275867.62,0
0.12,8.93,0.42,0.03,0.33,0.44,13268121.9,0
0.02,2.55,0.7,0.12,0.39,0.03,11436447.62,0
0.15,40.86,0.28,0.4,0.39,0.3,27082080.95,0
0.04,63.22,0.36,0.47,0.41,0.28,60090173.33,0
0.05,6.18,0.86,0.06,0.17,0.07,13573205.71,0
0.02,19.77,0.64,0.21,1.04,0.32,17769305.71,0
0.06,92632.74,0.53,0.07,0.78,0.47,9402208.57,0
0.11,15.37,0.74,0.19,0.22,0.21,19498102.86,0
0.31,-1.27,1.11,0.09,-0.15,-0.67,13092205.71,0
0.12,79.04,0.38,0.66,0.25,0.37,10063448.57,0
0.01,3.14,0.21,0.5,0.54,0.57,8331104.76,0
0.34,-12.02,2.63,0.18,-0.03,-2.48,25004704.76,0
0.06,9.22,0.74,0.46,0.32,0.21,15359858.1,0
0.1,31.61,0.21,0.51,0.87,0.43,26344748.57,0
0.07,2.8,0.71,0.04,0.42,0.12,7399920,0
0.24,0.74,0.8,0.11,0.16,-0.11,7037392.38,0
0.12,-1.45,0.65,0.13,0.02,0.2,6998060.95,0
0.36,22.98,0.28,0.5,0.36,-0.12,16165133.33,0
0.07,3.57,0.24,0.64,0.15,0.53,11522643.81,0
0.06,3.14,0.31,0.34,0.2,0.52,11009335.24,0
0.12,1.97,0.96,0.07,0.39,-0.15,8077036.19,0
0.36,14.67,0.46,0.17,0.32,0.24,94677556.19,0
0.06,2.76,0.54,0,0.24,0.29,7803613.33,0
0.02,-2.89,1.06,0.04,-0.07,-0.2,49414077.14,0
0.12,4.87,0.52,0.05,0.66,0.41,16516296.19,0
0.03,4534.51,0.33,0.39,0.3,0.12,217829081.9,0
47.57,-2.07,0.7,0,0,0.18,18283367.62,0
0.1,1.28,0.77,0.06,0.14,0.04,7204940.95,0
0.74,110.78,0.38,0.26,0.23,0.59,41175986.67,0
0.02,10.64,0.77,0.1,0.63,0.17,15943532.38,0
0.02,9.04,0.45,0.11,0.61,0.49,9519325.71,0
0.23,1.46,0.77,0.2,0.53,-0.14,26920786.67,0
0.01,16.99,0.92,0.6,0.99,0.03,9066886.67,0
0.06,2344.69,0.13,0.62,0.3,0.23,17923135.24,0
0.07,0.77,0.77,0.01,0.11,0.08,7241280,0
0.12,40.39,0.58,0.19,0.18,0.29,9124631.43,0
0.21,-15.4,0.35,0.18,-0.21,-1.09,9617275.24,0
0.03,7.45,0.41,0.26,0.5,0.28,50653569.52,0
0.13,71.44,0.51,0.53,0.35,0.47,14212050.48,0
0.12,4.55,0.7,0.01,0.56,0.24,12652376.19,0
0.18,36.42,0.38,0.16,0.58,0.37,9334829.52,0
0.17,2.83,0.39,0.43,0.32,0.17,103526392.4,0
0.09,3.14,0.32,0.31,1.87,0.68,13764773.33,0
0.12,2.04,0.76,0.08,0.38,0.14,11625154.29,0
0.51,2.39,0.92,0.13,0.05,0.05,33487284.76,0
0.08,32.78,0.46,0.07,1.41,0.43,53330934.29,0
0.01,3.57,0.35,0.19,0.7,0.63,16168398.1,0
0.15,0.97,0.64,0.09,0.51,0.1,9470326.67,0
0.25,4.96,0.44,0.01,0.43,0.35,22615291.43,0
0.1,5.05,0.61,0.08,0.29,0.29,19486354.29,0
0.31,-1.67,0.89,0.03,-0.29,-0.19,7508780.95,0
0.06,0.37,0.82,0.34,0.33,0.06,7198665.71,0
0.06,9.01,0.82,0.49,0.17,0.12,98963845.71,0
0.1,23.06,0.63,0.03,0.19,0.23,12254564.76,0
0.09,3.69,0.88,0.05,0.26,-0.17,7863819.05,0
0.21,7.87,0.45,0.03,0.27,0.36,29284661.9,0
0.13,2.94,0.73,0.05,0.29,0.05,7972616.19,0
0.15,14.94,0.45,0.01,1.16,0.22,15978803.81,0
0.16,2.18,0.53,0.32,0.3,0.07,10721767.62,0
0.04,0.89,0.41,0.48,0.38,0.49,19133225.71,0
0.01,1.86,0.76,0.34,0.98,0.08,71629175.24,0
0.08,5.75,0.56,0.16,0.42,0.35,8186993.33,0
0.13,-1.88,0.81,0.16,0.12,0.16,19889025.71,0
0.09,2.68,0.84,0.03,0.58,0.02,8404209.52,0
0.07,5.49,0.64,0.24,0.43,-0.04,8508114.29,0
0.11,8.78,0.4,0,0.35,0.28,44115308.57,0
0.11,-0.22,0.73,0.27,0.03,0.09,5005040454,0
0.07,2.6,0.77,0.11,0.59,0.21,8176019.05,0
0.3,-15.65,0.37,0.03,0.05,0.18,9726568.57,0
0.1,8.91,0.48,0.35,0,0.26,7323833.33,0
0.04,8.44,0.61,0.17,0.62,0.33,17177352.38,0
0.22,9.47,0.75,0,0.84,0.14,30378589.52,0
0.19,2.3,0.65,0.06,0.17,0.03,27067987.62,0
0.79,77.84,0.59,0.02,0.18,0.2,9350975.24,0
0.12,4.31,0.6,0.14,0.64,0.34,18349024.76,0
0.05,18.07,0.6,0.08,0.18,0.27,73346546.67,0
0,3.14,0.44,0.7,0.57,0.5,7432288.57,0
1.15,1.85,0.84,0.05,0.13,0.11,14323521.9,0
0,3.14,0.34,0.56,0.52,0.48,23446937.14,0
0.17,5.73,0.6,0.01,0.48,0.21,37237750.48,0
0.08,3.82,0.84,0.21,0.79,-0.01,12039766.67,0
0.4,9.85,0.42,0.16,0.7,0.33,9842899.05,0
0.08,3.8,0.76,0.25,0.23,0.18,12610615.24,0
0.13,9.35,0.5,0.12,1.11,0.16,9704446.67,0
0.15,6.02,0.61,0.02,0.81,0.01,8925070.48,0
0.12,44.01,0.28,0.58,0.49,0.26,35341842.86,0
0,11.89,0.48,0.53,1,0.42,9959312.38,0
0.03,2.58,0.68,0.11,1.05,0.13,9813126.67,0
0.08,8.38,0.56,0.13,0.92,0.24,5327046667,0
0.24,4.55,0.56,0.08,0.17,0.23,106254386.7,0
0.49,3.18,0.73,0.03,0.49,0.21,110556751.4,0
0.08,13.95,0.59,0.26,0.58,0.26,11638089.52,0
0.01,47.92,0.65,0.45,0.85,0.34,11613787.62,0
0.2,231.39,0.26,0.28,0.54,0.53,13808801.9,0
0.89,0.92,0.72,0.08,0.12,0.14,10767190.48,0
0.12,3.86,0.68,0,0.29,0.26,19620032.38,0
1.81,-1.28,0.83,0.03,0.02,0,7277776.19,0
0.23,3.83,0.67,0.03,0.33,0.21,20920500.95,0
0.03,5.59,0.75,0.44,0.32,-0.27,7330525.71,0
0.08,10.78,0.76,0.03,0.22,0.05,20320972.38,0
0.09,3.25,0.85,0.06,0.24,0.14,7771669.52,0
0.22,1.95,0.72,0.05,0.72,0.14,16356280.95,0
0.17,1.17,0.63,0.08,0.22,0.15,42095525.71,0
0.06,44.21,0.64,0.46,0.65,0.23,8079572.38,0
0.02,222.43,0.94,0.08,0.31,-0.12,14463751.43,0
0.04,9.94,0.46,0.39,0.21,0.47,7218677.14,0
0,0.04,1.29,0.23,0.42,-0.52,12403469.52,0
0.07,1.08,0.87,0.22,0.28,0.06,15824155.24,0
0.1,-13.44,1.1,0,0.24,-0.54,7531253.33,0
0.33,-3.68,0.23,0.6,0.05,0.72,19619400,0
0.03,4.05,0.74,0.1,0.15,0.16,21787359.05,0
0.1,15.37,0.37,0.58,0.39,0.06,41236373.33,0
0.17,-1.26,0.84,0.13,0.69,-0.08,7314749.52,0
0.1,-2.74,0.69,0.1,0.15,-0.1,31504718.1,0
0.35,140.21,0.78,0.22,0.5,0.21,35941848.57,0
0.21,0.66,0.96,0.01,0.03,-0.14,13330590.48,0
0.07,3.6,0.76,0.13,0.13,0.11,13791713.33,0
0.05,-1.35,0.67,0.31,0.42,-0.68,7398823.81,0
0.31,0.96,0.77,0.07,0.11,-0.07,9190795.24,0
0.2,4.84,0.76,0.12,0.32,0.2,14090632.38,0
0.11,19.17,0.32,0.31,0.91,0.36,8570520.95,0
0.16,-0.56,0.77,0.09,0.61,-0.08,661691133.3,0
0.16,-0.55,1.05,0.47,0.29,-0.39,9938227.62,0
0.06,12.32,0.43,0.36,0.42,0.22,11258760,0
0.15,2.22,0.72,0.29,0.49,-0.29,7744440,0
0.81,1.14,0.49,0,-0.04,-0.11,32503025.71,0
0.26,29.67,0.65,0.05,0.47,0.28,34466026.67,0
0.06,428.19,0.09,0.52,0.44,0.49,34365699.05,0
0.12,5.02,0.37,0.09,0.23,0.45,10333935.24,0
0.13,35.71,0.5,0.64,0.6,0.49,9063736.19,0
0.14,3.32,0.8,0.14,0.5,0.1,10750055.24,0
0.41,2.29,0.72,0.14,0.93,0.09,19881356.19,0
0.04,13.45,0.6,0.6,0.59,0.35,8151758.1,0
0.12,-0.93,1.82,0,0.37,-0.92,11632983.81,0
0.19,3.51,0.84,0.04,0.18,0.08,60538630.48,0
0.01,7.08,0.56,0.07,0.49,0.32,11924793.33,0
0.13,2.31,0.87,0.29,0.19,0.07,10832452.38,0
0.02,1.01,0.62,0.16,2.25,0.3,44128242.86,0
0.76,-0.33,0.97,0.52,0.01,-0.37,8013060.95,0
0.08,21.79,0.25,0.13,0.66,0.72,30765077.14,0
0.75,2.35,0.81,0.04,0.22,0.08,21712580.95,0
4.39,1.86,0.91,0,0.08,0.02,10504431.43,0
0.1,2.16,0.76,0.04,0.25,0.07,13584299.05,0
0.08,32.28,0.79,0.26,0.23,0.17,54200458.1,0
0.15,1.56,0.63,0.08,0.36,0.14,7885160,0
0.03,5.4,0.71,0.04,0.37,0.27,11715102.86,0
0,3.14,0.04,0.93,0.35,0.95,81703346.67,0
0.06,1.25,0.83,0.08,0.15,0.04,10430491.43,0
7.11,-1.51,0.98,0.42,-0.02,0.01,81631711.43,0
0.18,3.52,0.81,0.18,0.51,0.05,9118191.43,0
0.05,3.14,0.33,0.36,0.56,0.26,14176949.52,0
0.14,5.68,0.61,0.17,0.62,0.24,8391530.48,0
0.26,1.39,0.81,0.05,0.43,0.16,34588956.19,0
0.12,230.15,0.3,0.26,0.35,0.32,20298754.29,0
0.02,0.96,0.94,0.28,0.64,-0.02,9189452.38,0
0,9.82,0.94,0.05,0.46,0.03,10472725.71,0
0.01,72.09,0.22,0.56,0.58,0.48,11782769.52,0
0.06,4.49,0.65,0.26,0.2,0.23,19338490.48,0
0.21,19.96,0.32,0.14,1.05,0.32,37531748.57,0
0.25,2.44,0.81,0,0.26,0.08,17499708.57,0
5.69,2.13,0.52,0.01,0.13,0.41,24679802.86,0
0.02,35.15,0.58,0.03,0.37,0.31,11672360.95,0
0.03,-2.7,0.83,0.14,0.07,0.06,14179191.43,0
0.83,-1.35,0.88,0.4,0.03,0.02,62082334.29,0
0,34.91,0.67,0.78,3.64,0.32,11205060.95,0
1.1,65.06,0.67,0,0.19,0.29,38411690.48,0
0,0.7,0.8,0.12,0.03,0.06,53103415.24,0
0.04,4.39,0.76,0.04,0.96,0.05,49442832.38,0
0.06,-1.35,1.33,0.29,-0.55,-0.49,7235847.62,0
0.05,8.49,0.64,0.23,0.88,0.26,9523412.38,0
0.17,54.12,0.3,0.46,0.57,0.22,21558301.9,0
0.03,7.92,0.59,0.32,0.66,0.33,7364740,0
0.11,3.25,0.83,0.25,0.11,0.12,17533166.67,0
0.51,2.05,0.67,0.03,0.15,0.06,1622111831,0
0.12,2.65,0.68,0.18,0.44,0.21,7260863.81,0
0.04,11.03,0.54,0.02,0.94,0.4,13274809.52,0
0.07,36.16,0.63,0.27,0.52,0.29,14572341.9,0
0.13,40.86,0.47,0.36,0.55,0.23,14417772.38,0
0.1,1.93,0.83,0.07,0.46,0.12,8507573.33,0
0.07,4.88,0.69,0.13,0.23,0.02,215106962.9,0
0.03,9.59,0.42,0.36,0.35,0.16,9559110.48,0
0.21,2.71,0.84,0.05,0.43,0.08,9531429.52,0
19.59,3.57,0.61,0.03,0.05,0.37,15120802.86,0
0,4.29,0.73,0.95,3.01,0.13,8523072.38,0
0.19,0.43,1.04,0.03,0.13,-0.23,17172590.48,0
0.72,8.4,0.98,0.02,0.3,0,13993629.52,0
0.06,38.42,0.45,0.36,0.41,0.51,24641699.05,0
0,1305.48,0.44,0.22,0.5,0.54,22662832.38,0
0.37,3.04,0.78,0.13,0.43,0.05,8113300.95,0
0.04,22.08,0.67,0.09,0.4,0.25,28794622.86,0
0.77,0.47,0.72,0.01,0.15,-0.11,11021929.52,0
0.06,9.52,0.79,0.18,0.4,0.17,16220230.48,0
1.5,-0.28,1.19,0,0.06,-0.23,12111520,0
0.12,-0.49,1.12,0.17,0.37,-0.15,59496043.81,0
4.14,-5.91,0.46,0.1,0.02,0.49,9159914.29,0
1.51,1.72,0.99,0.01,0.08,0.01,38516299.05,0
0.98,3.86,0.9,0.17,0.1,0.07,22168114.29,0
3.37,-1.63,1.12,0.04,0,-0.17,7269738.1,0
0.11,3.52,0.72,0.01,0.29,0.2,13952935.24,0
3.47,16.72,0.69,0.01,0.19,0.17,23297494.29,0
0.01,3.14,0.25,0.38,17.2,0.71,19261223.81,0
0.02,16.88,0.46,0.13,0.61,0.52,9674286.67,0
0,12.82,0.53,0.49,0.49,0.4,8155245.71,0
0.08,3.5,0.62,0.08,0.44,0.05,67009913.33,0
0.12,5.98,0.5,0.12,0.23,0.4,7869186.67,0
0.2,5.28,0.81,0.01,0.2,-0.04,24798472.38,0
0.05,60831.73,0.21,0.54,0.62,0.74,21693164.76,0
0.02,-0.51,0.92,0.18,0.04,0.02,7111402.86,0
0.02,3.47,0.76,0.24,0.32,0.17,7350528.57,0
0.11,7.08,0.52,0.2,0.41,0.29,11295953.33,0
0.2,5.84,0.69,0.02,0.24,0.27,29035762.86,0
0.01,14.05,0.72,0.56,0.31,0.25,16565918.1,0
0.09,12.23,0.74,0.1,0.43,0.22,11634109.52,0
2.71,-2.52,0.67,0.38,-0.44,-0.13,10888309.52,0
0.11,6.49,0.85,0.02,0.25,-0.2,44432483.81,0
0.08,3.7,0.73,0.37,0.27,0.08,20478242.86,0
0.06,2.6,0.8,0.09,0.35,0.06,14558836.19,0
1.61,9.97,0.88,0,0.11,0.06,79869981.9,0
1.6,2.59,0.94,0.01,0.15,0.02,8155998.1,0
0.12,3.57,0.48,0.54,0.57,0.5,12145599.05,0
1.07,3.69,0.94,0.06,0.04,0.01,28744080,0
0.38,3.57,1.01,0.16,0.08,-0.04,9090492.38,0
11.76,132.65,0.88,0,0.02,0.08,16091513.33,0
0.01,1.91,0.72,0.06,0.36,0.2,47777960,0
0,-8.29,0.79,0,0.14,0.15,23213642.86,0
0.09,3.14,0.16,0.23,0.53,0.36,17609800.95,0
0.12,3.09,0.83,0.03,0.32,0.14,13695943.81,0
0.12,1.62,0.84,0.04,0.26,0.03,8081745.71,0
0.05,1.37,0.71,0.06,0.4,0.2,6967585.71,0
0.15,1.16,0.81,0.05,0.53,0.01,8484099.05,0
0.16,2.53,0.85,0.12,0.2,0.09,8822373.33,0
0.21,3.39,0.68,0.1,0.35,0.15,10895521.9,0
0.4,1.92,0.64,0.22,0.15,0.27,7724609.52,0
0.08,-10.25,1.34,0,-0.6,-0.52,6745766.67,0
0.01,9.33,0.62,0.14,0.3,0.28,8311928.57,0
0.08,3.89,0.55,0.33,0.25,0.07,7812504.76,0
0.05,3.61,0.73,0.06,0.3,0.24,8584074.29,0
0.49,1.96,0.93,0.05,0.11,0.04,38627496.19,0
0.58,7.93,0.26,0.09,0.69,0.64,9419099.05,0
0.12,-1.99,1.42,0.1,0.37,-0.45,9657147.62,0
0.3,1.41,0.74,0.05,0.25,0.11,6667940.95,0
0.07,12.64,0.57,0.05,0.62,0.12,33897293.33,0
0.11,211.56,0.81,0.07,0.18,0.15,142769541.9,0
0.02,6.06,0.83,0.01,0.3,0.01,12370071.43,0
0.15,1.92,0.86,0.1,0.22,0.02,11290613.33,0
0.12,-15.16,0.5,0,0.37,0.49,29962623.81,0
0.07,23.71,0.64,0.07,0.68,0.24,8377680,0
0.05,8.46,0.55,0.18,0.85,0.27,7457649.52,0
0.01,20.77,0.18,0.25,0.3,0.68,7745897.14,0
0.08,-0.22,0.78,0.02,0.35,-0.05,7088484.76,0
0.14,4.41,0.62,0.23,0.32,0.21,28236433.33,0
0.12,-0.09,0.09,0.48,0.09,0.65,9176579.05,0
0.02,-4.33,0.67,0.27,0.4,0.2,7479199.05,0
0.12,22.81,0.66,0.13,0.31,0.27,21625963.81,0
0.03,60,0.76,0.05,0.41,0.21,6705380.95,0
0.03,2.96,0.79,0.08,0.05,0.17,22247306.67,0
0.13,-20.89,0.11,0.93,0.56,0.81,8225280.95,0
0.17,572.24,0.49,0.06,0.78,0.46,26873968.57,0
0.75,2.36,0.9,0.08,0.25,0.05,16976807.62,0
0.21,6.03,0.63,0.07,1.52,0.32,10310044.76,0
0.01,21.91,0.7,0.21,0.77,0.2,9337162.86,0
0.16,8.64,0.36,0.77,0.18,0.07,35168638.1,0
0.12,-14.73,0.88,0.06,-0.14,-0.41,6827382.86,0
0.09,6.7,0.83,0.02,0.29,0.04,10834537.14,0
11.75,-14.74,1.17,0.17,-0.08,-0.19,25147724.76,0
0.22,-0.7,0.68,0.08,0.43,-0.03,129339967.6,0
0.16,5.29,0.94,0.17,0.21,0.03,9516225.71,0
5.81,-7.3,0.97,0.04,0.03,-0.01,15963925.71,0
0.12,3.57,0.42,0.11,0.37,-0.01,80632831.43,0
0.01,19.42,0.6,0.01,0.35,0.26,10756010.48,0
0.04,10.25,0.26,0.22,1.18,0.54,191904222.9,0
0.12,79.78,0.16,0.7,0.3,0.52,311791372.4,0
0.06,448.1,0.08,0.54,0.36,1.28,66721443.81,0
0.35,3.26,0.69,0.02,0.46,0.19,84195124.76,0
0.42,86569.18,0.08,0.32,0.17,0.81,35858958.1,0
0.06,4.41,0.51,0.06,1.29,0.43,77813096.19,0
0.13,7,0.39,0.19,0.61,0.44,139695947.6,0
0.11,0.69,0.93,0.3,0.79,-0.15,17862799.05,0
0.09,2.82,0.64,0.15,0.3,0.19,24831378.1,0
0.1,4.25,0.6,0.2,0.82,0.09,261951884.8,0
0.43,-202.06,0.1,0.65,-0.25,0.28,31614004.76,0
0.4,-1.6,0.68,0.07,0.01,-0.2,31644476.19,0
0.43,-8.63,0.93,0.04,-0.41,-0.35,39791622.86,0
0.36,2.8,0.73,0.12,0.87,0.12,151134896.2,0
0.01,-175.18,0.28,0.79,-0.38,0.68,7572322.86,0
0.13,-4.4,0.12,0.42,0,0.69,20516060.95,0
0.01,11.4,0.68,0.11,0.15,0.19,260401645.7,0
0.12,-3.09,0.25,0.52,0.04,0.2,197119274.3,0
0.42,-33.78,0.13,0.15,0.04,0.11,8119492.38,0
0.05,5.59,0.33,0.01,0.33,0.11,7063406.67,0
0.11,3.63,0.31,0.11,0.65,0.38,80005660,0
0.02,2.51,2.78,0.05,0.65,-2.06,6821732.38,0
0.5,-1.05,0.61,0.07,0.02,-0.1,8726416.19,0
0.23,3.24,0.45,0.03,0.48,0.05,58830668.57,0
0.97,2.53,0.89,0.09,0.38,0.04,50967098.1,0
0.14,7.87,0.44,0.07,0.29,0.49,46130886.67,0
0.01,2.55,0.67,0.11,1.54,0.33,137931774.3,0
0.18,1842.88,0.07,0.41,0.31,0.17,11769111.43,0
0.07,2.68,0.4,0.39,0.17,0.23,96794349.52,0
0.09,18.04,0.54,0.58,0.2,0.4,168891667.6,0
0.17,3.57,0.45,0.88,0.48,0.35,9857051.43,0
0.12,2.35,0.68,0.27,0.3,0.14,83481613.33,0
0.12,2.83,0.59,0.04,0.74,0.04,1519089806,0
0.27,5.37,0.54,0.16,0.34,0.24,96231873.33,0
0.18,27.14,0.39,0.09,1.62,0.41,122107906.7,0
0.11,3.14,0.34,0.2,0.28,0.84,38451719.05,0
0.11,119.27,0.18,0.38,0.29,0.34,76825976.19,0
0.14,3.14,0.06,0.52,0.28,0.9,37436188.57,0
0.01,0.33,0.96,0.06,0.58,-0.22,152732881.9,0
0.05,3.14,0.43,0.45,0.38,0.54,24883092.38,0
0.11,2.01,0.5,0.22,0.05,0.24,110131398.1,0
0.22,5.86,0.58,0.03,0.65,0.23,65243460,0
0.06,-1.17,0.89,0.2,-0.06,-0.07,56880876.19,0
0.07,7.92,0.39,0.14,0.35,0.24,54615363.81,0
0.09,2.37,0.8,0.09,0.31,0.11,29406493.33,0
0.02,4.08,0.67,0.11,1.37,-0.23,55348535.24,0
0.03,5.27,0.41,0.15,0.4,0.45,30122069.52,0
0.05,2.85,0.79,0.04,0.18,-0.01,10265266.67,0
0.15,6.36,0.5,0.12,0.48,0.44,50982336.19,0
0.1,6.91,0.36,0.27,0.23,0.27,204391281,0
0.14,17.26,0.35,0.06,0.5,0.35,112549432.4,0
0.08,37.14,0.25,0.49,0.46,0.51,2658548148,0
0.43,7.31,0.38,0.25,0.48,0.27,155140459.1,0
0.14,48.86,0.2,0.17,0.4,0.49,242186161,0
0.15,3.14,0.2,0.41,0.49,0.7,63945508.57,0
0.16,11.69,0.4,0.05,0.72,0.34,118753351.4,0
0.18,42.2,0.3,0.3,0.8,0.63,74540588.57,0
0.2,3.08,0.56,0.21,0.59,0.3,30104715.24,0
0.04,3377.7,0.14,0.36,0.52,0.37,49310885.71,0
0.13,7.77,0.55,0.09,0.46,0.38,44516630.48,0
0.09,45.37,0.21,0.39,0.5,0.52,77133542.86,0
0.06,58.16,0.24,0.02,0.51,0.45,107313946.7,0
0.07,5.43,0.42,0.26,0.27,0.13,133147581.9,0
0.06,15.36,0.31,0.18,0.44,0.46,73799429.52,0
0.27,64.61,0.11,0.52,0.17,0.79,9912001.9,0
0.09,1.56,0.35,0.05,0.27,-0.06,25296740.95,0
0.07,-2.66,0.64,0.5,0.15,0.11,20312579.05,0
0.08,4.36,0.72,0.39,0.19,-0.11,16998186.67,0
0.19,212.72,0.2,0.12,0.6,0.73,12476079.05,0
0.62,3.14,0.11,0.94,0.05,0.67,9301576.19,0
0.11,10.28,0.64,0.14,0.93,0.25,33976368.57,0
0.28,18.03,0.22,0.03,0.62,0.85,16627698.1,0
0.07,106.74,0.58,0.02,1.1,0.36,7753191.43,0
0.2,-6.89,0.21,0.06,-0.2,0.08,50200874.29,0
0.13,10260.76,0.14,0.51,0.93,0.32,120525395.2,0
0.12,-3.27,1.26,0.07,0.35,-0.42,6667403.81,0
0.26,319.62,0.29,0.14,0.24,0.5,121910098.1,0
0.19,2.72,0.84,0.01,0.57,0.05,15537375.24,0
0.09,3.14,0.1,0.47,0.51,0.64,20948985.71,0
0.35,0.17,0.63,0.13,0.17,0.31,25340601.9,0
0.09,4.34,0.6,0.16,0.26,0.04,108988361.9,0
0.08,3.14,0.35,0.51,0.28,0.52,45997281.9,0
0.21,60.96,0.25,0.01,0.45,0.41,331003097.1,0
0.05,0.26,0.87,0.19,0.19,-0.09,978141402.9,0
0.08,30.45,0.15,0.38,0.41,0.41,587279890.5,0
0.28,16.67,0.32,0.11,0.29,0.52,63009070.48,0
0.12,5.78,0.33,0.09,0.36,0.26,95172667.62,0
0.09,4.79,0.69,0.06,0.52,0.18,42218400,0
0.16,3586.96,0.29,0.38,0.22,0.62,66864866.67,0
0.07,306.33,0.13,0.78,0.18,0.62,442788448.6,0
0.06,-1.88,0.25,0.04,0.4,0.66,27515891.43,0
0.06,2.07,0.74,0.24,0.46,0.16,7372242.86,0
0.17,3.97,0.73,0.05,0.79,0.12,33141283.81,0
0.45,-57.73,0.17,0.62,0.02,0.27,57943194.29,0
0.04,16680.11,0.35,0.11,0.37,0.57,11051655.24,0
0.18,130.13,0.09,0.26,0.14,0.66,7917220.95,0
0.02,4.14,0.61,0.04,0.35,0.19,140694095.2,0
15.5,-0.85,0.95,0,0.02,-0.03,7595078.1,0
424.9,-0.11,1.12,0.04,0,-0.13,86812563.81,0
0.12,3.57,0.2,0.47,0.27,0.49,9569526.67,0
0.15,-1.03,0.96,0.23,0.11,-0.01,8938421.9,0
31.33,-1.42,1.09,0,0,-0.11,11917163.81,0
3.21,0.27,1.19,0,0.05,-0.21,15350775.24,0
0.02,2.34,0.92,0.07,1.28,0.06,7634675.24,0
0.1,1963.93,0.15,0.42,0.37,0.57,631189380,0
0.1,5.71,0.59,0.05,0.38,0.08,2327567542,0
2.89,13.04,0.91,0.06,0.1,0.05,12121410.48,0
0.18,-0.16,0.33,0.1,0.06,0.22,118490672.4,0
0.12,-277.27,0.83,0.42,0.37,-0.02,218578579.1,0
0.32,2.59,0.66,0.09,0.19,0.14,57750811.43,0
0.14,0.33,0.57,0.69,0.06,0.39,46969227.62,0
0.28,2.02,0.88,0.19,0.16,0.07,17145929.52,0
0.07,8.61,0.56,0.04,0.27,0.38,30228958.1,0
0.05,6.19,0.8,0.02,0.08,0.07,53039593.33,0
0.12,3.57,0.98,0.08,0.37,-0.01,39219670.48,0
0.22,1.43,0.73,0.06,0.03,0.03,178859394.3,0
0.14,8.72,0.41,0.16,0.27,0.41,8365762.86,0
0.11,77.57,0.12,0.17,0.3,0.72,93344199.05,0
0.13,-0.05,0.93,0.93,0.48,-0.07,12126014.29,0
0.09,1.91,0.74,0.15,0.27,0.22,10515506.67,0
0.12,0.89,0.74,0.01,0.61,-0.1,65710248.57,0
1.04,2.36,1.01,0.28,0.14,-0.02,80606594.29,0
0.12,3.57,0.39,0.89,0,-0.05,33717552.38,0
0.12,-1.43,1.23,0.01,0.37,-0.24,17457901.9,0
0.12,-0.24,1.05,0,0.37,-0.06,21533496.19,0
0.12,7.22,0.69,0,0.16,0.13,27254507.62,0
0.14,61.16,0.49,0.06,1.39,0,57864377.14,0
0.03,1996.66,0.46,0.27,0.46,0.08,19098250.48,0
0.16,7.5,0.23,0.2,0.21,0.3,193202342.9,0
0.21,-0.91,0.49,0.04,-0.1,-0.09,13819238.1,0
0.17,-3.24,0.19,0.17,0.16,0.45,25317388.57,0
0.07,12.88,0.42,0.07,0.47,0.35,382079710.5,0
0.09,10.28,0.47,0.04,0.35,0.18,309814511.4,0
0.07,4.1,0.41,0.3,1.83,0.25,30459061.9,0
0.19,1.78,0.59,0.19,0.29,0.06,32744896.19,0
0.21,-16.76,0.33,0.11,0.15,0,36936884.76,0
0.12,3.14,0.1,0.44,0.17,0.64,282149711.4,0
0.16,8.47,0.42,0.58,0.16,0.05,72045875.24,0
0,4.53,0.63,0.01,0.28,-0.19,9107470.48,0
0.41,-0.49,0.92,0.09,0.19,-0.59,10432113.33,0
0.06,98.06,0.22,0.1,0.26,0.7,46486472.38,0
0.49,-1.74,0.67,0.27,-0.09,-0.13,73512355.24,0
0.24,7.54,0.77,0.07,0.2,0.01,19472752.38,0
0.06,3.34,0.82,0.23,0.27,-0.48,27638105.71,0
0.06,-3.52,0.66,0.27,0.05,0.09,19438674.29,0
0.21,9.49,0.29,0.39,0.19,0.69,79191122.86,0
0.05,6.17,0.7,0.25,0.54,0.16,68962105.71,0
0.04,23.07,0.41,0.39,0.22,0.41,57185975.24,0
0.77,-3.67,1.09,0.14,-0.48,-0.19,14075563.81,0
0.24,5.3,0.73,0.1,0.27,0.03,46103667.62,0
0,3.57,0.17,0.65,0.15,0.71,9711916.19,0
0.05,10.58,0.24,0.11,0.19,0.15,14872307.62,0
1.73,58.11,0.98,0.31,0.08,0.01,25381849.52,0
0.12,11.59,0.24,0.62,0.15,0.34,56287457.14,0
0.19,4.06,0.26,0.19,0.23,0.22,72355561.9,0
0.15,54.39,0.44,0.17,0.27,0.26,89539606.67,0
0.02,62.5,0.45,0.5,0.42,0.55,14873672.38,0
0.04,46.76,0.45,0.35,0.47,0.53,529027583.8,0
0.07,1.49,0.78,0.04,0.09,0.06,22170465.71,0
0.13,7.1,0.3,0.09,0.74,0.63,466572832.4,0
0.14,5.76,0.37,0.45,0.33,0.22,33475395.24,0
0.44,-0.97,0.56,0.38,0.23,0.41,10253297.14,0
0.16,11.18,0.59,0.44,0.34,0.28,30766172.38,0
0.02,9.55,0.64,0.12,0.42,0.28,300879328.6,0
0.33,2.49,0.61,0.02,0.27,0.27,20733990.48,0
0.09,1497.33,0.35,0.42,0.67,0.42,21029080,0
0.18,32.21,0.3,0.26,0.23,0.54,47363338.1,0
1.07,-1.33,0.5,0.23,0.06,0.4,18201058.1,0
0.11,214.19,0.16,0.28,0.41,0.69,45917281.9,0
0.12,-0.83,0.98,0.02,0.37,-0.02,7800440,0
0.26,51.41,0.35,0.53,0.28,0.57,26845552.38,0
0.2,10.66,0.53,0.35,0.24,0.05,25584998.1,0
0.13,34.19,0.38,0.14,0.42,0.44,238292676.2,0
0.41,-0.51,0.67,0.3,0.05,-0.04,11916351.43,0
0.13,2.08,0.8,0.1,0.13,0.03,87877629.52,0
0.02,840.77,0.41,0.38,0.19,0.56,115043256.2,0
0.1,12.22,0.38,0.09,0.42,0.51,34686053.33,0
0.08,18.22,0.65,0.18,0.35,0.18,11368915.24,0
0.06,16.86,0.2,0.22,0.44,0.67,34347155.24,0
0.13,-272.23,0.22,0.54,0.02,0.53,16768440,0
0.42,-1.2,0.67,0.21,-0.09,-0.08,43268460.95,0
0.35,1.26,1.07,0.03,0.57,-0.1,29442694.29,0
0.27,25.81,0.29,0.03,0.54,0.12,72295483.81,0
0.15,2.67,0.5,0.21,0.22,0.25,37034564.76,0
0.06,7.02,0.46,0.1,1.97,0.19,77962814.29,0
0.03,1.22,0.91,0.36,0.3,-0.1,7531664.76,0
0.23,6.51,0.71,0.12,0.34,0.16,12795022.86,0
0.12,87.4,0.23,0.29,0.3,0.69,11039829.52,0
0.04,2.21,0.77,0.09,0.64,0.03,12399399.05,0
0.1,1.64,0.86,0.03,0.48,0.01,9153794.29,0
0.02,-5.93,1.23,0.41,0.04,-1.06,14119843.81,0
0.09,-0.21,0.68,0,0.1,-0.08,42611437.14,0
0.51,-4.46,0.55,0.02,-0.22,0.81,9788216.19,0
0.04,3.14,0.21,0.22,0.21,0.78,50156540,0
0.07,75.83,0.48,0.29,0.34,0.36,30450378.1,0
0.04,23.63,0.17,0.53,0.34,0.81,28889761.9,0
0.04,13.8,0.3,0.22,0.75,0.54,13713251.43,0
0.02,4.45,0.63,0.07,0.41,0.31,18204831.43,0
0.13,10586.6,0.1,0.25,0.41,0.87,31693203.81,0
0.02,9.59,0.72,0.35,0.75,0.09,9021645.71,0
0.12,7.63,0.42,0.05,0.36,0.35,13942985.71,0
0.11,20.54,0.65,0.05,0.24,0.26,2128903439,0
0.03,9.3,0.66,0.12,0.41,0.09,691000661,0
0.58,31.24,0.36,0.26,0.23,0.4,212348996.2,0
0,3.57,0.65,0.55,0.37,0.32,71570951.43,0
0.1,1.59,0.59,0.05,0.15,0.24,16054580,0
0.02,33.9,0.39,0.42,0.25,0.31,16186560.95,0
0.12,10,0.28,0.39,0.15,0.61,10494990.48,0
0.12,65.83,0.22,0.54,0.28,0.65,25926727.62,0
0.07,20.93,0.17,0.65,0.25,0.62,9045808.57,0
0.01,3.57,0.32,0.93,0.19,0.55,18740316.19,0
0.13,3.57,0.25,0.58,0.26,0.47,11900550.48,0
0.39,2.41,0.96,0.08,0.39,-0.01,91071392.38,0
0.08,2.37,0.75,0.02,0.11,0.15,105022351.4,0
0.02,46.25,0.23,0.24,0.32,0.63,16280401.9,0
0.57,2.69,0.85,0.03,0.2,0.09,47649548.57,0
